d5b259a84008c1dd213bcbf24bc7e19e,2.00,残念,とても気に入って使ってましたが２年持たずはビクともしなくなりました。。結果高い買い物になってしまいました。。
d5b259a84008c1dd213bcbf24bc7e19e,5.00,最高です,冬用の靴下やスウェットはすぐに毛玉が出来て古く見えるのが悩みでしたが、これを買ってからストレスフルです。とにかくよく取れます、電池式じゃないのでパワーがある！もっと早くに買っていれば毛玉のせいで靴下買い換えしなくて済んだのになぁ…
d5b259a84008c1dd213bcbf24bc7e19e,5.00,電池式から,今まで、電池式を使っていてついに壊れたので購入しました。パワーが落ちずに使えるのは感動しました。そのかわり、コンセントがある場所でという、制約がありますが、、、電池は買わなくてすむので、ありがたいです。パワーがありすぎて、子供のTシャツに穴が開いてしまったりはありましたが、なれれば大丈夫かなーとも思います。パワーがある分、今まで、時間がかかったものも、すんなりいきます。毛だまとりがない生活は考えられないので、大満足です！
d5b259a84008c1dd213bcbf24bc7e19e,5.00,もっと早く買えば良かった,特にくつ下やパジャマは何回も穴をあけてしまっています(笑)今まで電池式だったのですぐ電池なくなるし勢いがなかったので、これは驚くべき威力！洗濯を畳む部屋にコードを差しっぱなしにして置いてあるので毎日何かの毛玉をとっています。
d5b259a84008c1dd213bcbf24bc7e19e,5.00,,対応はやかったです。毛玉きっちり取れて満足です。
d5b259a84008c1dd213bcbf24bc7e19e,5.00,綺麗にとれる！,大満足です&#5711;&#804;&#811;&#858;&#5711;&#804;&#811;&#858;お友達にもオススメしたいです！
d5b259a84008c1dd213bcbf24bc7e19e,5.00,,毛玉が面白いほどに取れ、諦めかけていたニットを今年も着ることができます。
d5b259a84008c1dd213bcbf24bc7e19e,4.00,よくとれる！,これまで100均のものを使っていましたが、全然違います！とにかくパワフル。音はちょっと大きいですが、電池切れの心配も不要。母が毛玉がひどくて捨てようとしていたニットのカーディガンも復活しました。パワフルすぎて、薄手の部屋着には穴が開いてしまいました……なので、星１つ減らしますが。捨てようと思っている何枚もの服をこの値段で復活させられると思えば、安い買い物でした！
d5b259a84008c1dd213bcbf24bc7e19e,5.00,,寒くなってきたのでセーターを着る機会が増えるために買いました。また、幼い子供が居て抱っこが多いためトレーナー等も毛玉が出来るので困っていました。レビューを参考にし、こちらを購入しましたが、よく毛玉が取れて良かったです！
d5b259a84008c1dd213bcbf24bc7e19e,4.00,音が大きいのが…,お支払い完了後、翌日に届きました。とても早くて助かりました。ニットも綺麗になります。今までは100均のを使用してましたが全然違います！早く買えばよかった…笑使用してる時の音は大きいので夜にやらない方がいいと思います。
d5b259a84008c1dd213bcbf24bc7e19e,5.00,,すぐに商品が届いて、早速試しました。子供の服の細かな毛玉もあっと言う間に綺麗になりました！ありがとうございました！
d5b259a84008c1dd213bcbf24bc7e19e,5.00,馬力が良いです♪,レジェンドが売ってる電気のいらないタイプと悩んだのですが、電動の方が早そうと思いこっちを買いました♪安いやつと違って馬力が良く、綺麗に取れます♪生地が巻き込まれて切れることもないので、買って良かったと思います♪
d5b259a84008c1dd213bcbf24bc7e19e,5.00,,"今まで安い毛玉取り(電池式)を使用してましたが 壊れた為購入しました。電池式と違いパワーも安定しています。この時期に着る作業服(インナー)に試しに使用した所 毛玉が綺麗に取れました。時間がある時 靴下やニットなどに使用したいと思います。"
d5b259a84008c1dd213bcbf24bc7e19e,5.00,,注文後2日で到着。早速ニットとジャージの毛玉取り。毛玉の大小関係なくあっという間に取れて気持ちよかったです！今までは百均の電池式でちまちまやってたのがほんの数分で終わってしまうのはとても楽ちんでした。音が煩いと他の方のレビューでありましたが、百均のに比べれば確かに音はデカイ。でもそんなに気になる騒音ではないと自分は思いました。いい買い物ができてよかったです。
d5b259a84008c1dd213bcbf24bc7e19e,5.00,,衣類のお手入れに、とても重宝しています。化繊のガンコな毛玉に使用したら刃の部分が詰まりましたが、掃除すればまた綺麗に使うことができました。
d5b259a84008c1dd213bcbf24bc7e19e,5.00,優れもの！,主人のセーター、息子のパーカーなどなど、気持ちいいくらいすいすい毛玉が取れる。軽くて簡単便利でいうことなしの優れもの。買ってよかったε-(´∀｀*)ﾎｯ
d5b259a84008c1dd213bcbf24bc7e19e,4.00,毛玉スッキリ！,今まで充電式のを使っていたので、いざ使おうというとき、充電が切れていることが多かったのですが、こちらはアダプターをさして使うのですぐ使えて良いです。しかし、常にコードがあるので可動域が限られるのと、しまうとき邪魔です。コンセントが限られている我が家ではマイナス1ですが、毛玉とれ味は抜群です。
d5b259a84008c1dd213bcbf24bc7e19e,5.00,すごく取れます,こんなに進化しているなんて、もっと早く買えば良かったです。毛玉セーターが新品みたいになって、今年も着られます。
d5b259a84008c1dd213bcbf24bc7e19e,4.00,すごい！,家の至る所で、頑張ってくれてます(笑)服はもちろん、クッションやソファー、もぉ綺麗に毛玉が取れる取れる。なんでもっと早く買わなかったんだろーと後悔すら…ほんと、いい買い物できました。星4個は、期待値で(笑)
d5b259a84008c1dd213bcbf24bc7e19e,5.00,超おすすめ☆,何これ！！毛玉めっちゃ取れます！！毛玉だらけで捨てようかと思っていた子供のトレーナー。あっという間に綺麗になりました！すごく簡単に取れちゃうから、家中の毛玉を取りたくなっちゃいます＾＾コードが長くて握りやすくて軽くてとても使いやすいです。音はけっこう大きめです。もっと早く買えばよかったです。毛玉が原因で今まで捨てた服がもったいなかった！
d5b259a84008c1dd213bcbf24bc7e19e,5.00,,衣替えを機に、毛玉のついたニット類をどうしようか悩んでいて、この商品を見つけました。買って大正解でした！薄手のニットの、細かい毛玉になりかけ程度のものも、きれいになり感動！コンセントにつないで使うので、電池交換や充電の手間もなく、いつでも使えて便利です。
d5b259a84008c1dd213bcbf24bc7e19e,5.00,気持ちいいほどとれる,カシミアのコートに使用。毛足が長いのでドキドキしながら使いました。毛玉取れました。主人の靴下に使用、分厚いウール混の靴下の毛玉が汚くて捨てようかと思ってましたがの毛玉が見事に取れて新品のようです。
d5b259a84008c1dd213bcbf24bc7e19e,5.00,,SNSで話題だったので購入。オススメされる理由がよく分かりました！かなり優秀でお気に入りの洋服など長く着れそうです。風合い調整の所が外しにくいのと音がうるさいこと以外は文句ありません！
d5b259a84008c1dd213bcbf24bc7e19e,5.00,買ってよかった,パワーも落ちないしキレイになります！捨てようと思ってた服が何枚も復活しました！ついつい押し付けすぎて布地痛めちゃったけど、使い方さえ気をつければ問題なしです！
d5b259a84008c1dd213bcbf24bc7e19e,4.00,悪くない。,100円ショップのより明らかに良いです。もっと早く買っておけば良かった。でもプチプラセーターの毛玉取りには限界あるかなぁ。プチプラは所詮プチプラですね。良質なセーターならもっと効果的なのかも知れません。でもやらないよりかはマシです。商品としては非常に良いと思います。発送も迅速でした。有難うございました！
d5b259a84008c1dd213bcbf24bc7e19e,5.00,めっちゃ取れます。,以前はコードレスがいいので電池式（2回購入）を買っていましたが、失敗！！これすごくとれるので、初めからこちらを買っておけばよかったと悔やんでいます。
d5b259a84008c1dd213bcbf24bc7e19e,5.00,これはすごい！,毛玉になってたものが、新品同様に！早く買えばよかったと思いました。コンセントなので電池切れを気にしないでいいのも助かります。
d5b259a84008c1dd213bcbf24bc7e19e,5.00,いろいろな物に使える！,いろいろな物に使える様になってました！毛玉が気になっても綺麗に取れ気持ちいいです！今からの季節に絶対使える物です。買って良かったです。
d5b259a84008c1dd213bcbf24bc7e19e,5.00,最高!!,今まで毛玉とり器は100円均一で済ませていました。100円でも毛玉は取れるものの、時間がかかって少しストレスを感じていました。そこで新しい毛玉取り器を買ってみようと決心!!届いてすぐに使ってみると、みるみる毛玉がなくなっていくー。気持ちよかったです。もっと早く購入すべきでした！テスコム最高です!!
d5b259a84008c1dd213bcbf24bc7e19e,5.00,,お気に入りのニットのワンピ！毛玉だらけで電池式の毛玉取りでは取りきれずレビューを参考に購入を決めました。繊維の質に合わせてパワーが調節でき細いニット、太いニットどのタイプも毛玉がしっかり取れて感激です！
d5b259a84008c1dd213bcbf24bc7e19e,5.00,,ほんとうによく取れる毛玉クリーナーで感動しました！コンセントタイプなのでパワーも落ちずに使えます！かなりオススメです！！
d5b259a84008c1dd213bcbf24bc7e19e,5.00,,電池切れを気にすることなく使えるのが良いですね。これに尽きます。
d5b259a84008c1dd213bcbf24bc7e19e,5.00,,子供のボロボロのパジャマが、滑らかになりました！
d5b259a84008c1dd213bcbf24bc7e19e,5.00,,娘の家で重宝しているので同じ物にしました。切れ味はわかっていますが耐久性はどうなのか？期待を込めて★5にしました。
d5b259a84008c1dd213bcbf24bc7e19e,5.00,モーターの威力がありますね,"前々から気になっていた商品でいい加減欲しくてやっと購入しました！毛玉クリーナーに三千円近くのお金を出すのは少し躊躇しましたが、買って正解でした♪小さな毛玉も大きな毛玉も取れてモーターのパワーが違うなと実感しました！これから活躍が多い季節なので頑張ってもらいます^ ^"
d5b259a84008c1dd213bcbf24bc7e19e,4.00,,音はそれなりにありますが、こんなもんかと…綺麗に毛玉なくなります！気持ちが良いです！
d5b259a84008c1dd213bcbf24bc7e19e,5.00,スカートが生まれ変わりました,フォローしているインスタグラマーさんがおすすめしていたので、すぐにポチッと。うわさ通りに衣類が生まれ変わりました。毛玉クリーナーをする前の洋服をそれまで着ていたのかと思うと恥ずかしくなるくらい（笑）以前に電池式のものは使ったことがありますが、当然電池のパワーがなくなってくれば、毛玉取のパワーもなくなりセーターの糸がカッター部分に引っかかったという経験も。その点、交流式はパワーにムラがないので安心して使用できます。電源コードの長さも充分あるので使用に関しては不便なしと感じています。
d5b259a84008c1dd213bcbf24bc7e19e,5.00,持ちやすいです。,持ち手が手に馴染む感じで持ちやすいです。他社製品で小さいのは持っていて手が疲れたので購入しました。音は思ったより多少大きく感じましたが毛玉を取るパワーはあって使いやすいです。
d5b259a84008c1dd213bcbf24bc7e19e,5.00,,この毛玉とりはスゴイ子どもの制服のセーターが新品みたいに蘇りました。ありがとうございます
d5b259a84008c1dd213bcbf24bc7e19e,4.00,購入して良かった,ずっと気になってて初めて購入しました。音はまぁまぁうるさいので昼間に使用、音のわりには思ったより…。でも今まで電池式のしか使用した事がなかったので時間縮小を感じます。使い方がまだ下手なのもあって薄い物は二枚ほど穴を開けてしまいました。中～大きい毛玉、セーターにはもってこいです。
d5b259a84008c1dd213bcbf24bc7e19e,5.00,満足です,お気に入りなのに、毛玉ができてなかなか出番がなかったニットたち。すごくキレイになりました！！もっと早く買えば良かった！たるまないようにして毛玉取り機を使えば破けたりしなさそうですね。
d5b259a84008c1dd213bcbf24bc7e19e,5.00,,毛玉、よくとれました。配送早かったです。
d5b259a84008c1dd213bcbf24bc7e19e,5.00,良いです,"今まで100均の毛玉とりを使ってましたが、全然違います。どんどん毛玉がとれるのが面白くて 子供もやりたがるくらいです。買って良かったと思います。"
d5b259a84008c1dd213bcbf24bc7e19e,5.00,,購入してすぐに届きました！毛玉だらけだったパーカーとブランケット、靴下に使用してみましたが、とても綺麗になり大満足です。今の所使っていて穴があくような事はありません。これからの季節大活躍してくれそうです。
d5b259a84008c1dd213bcbf24bc7e19e,5.00,毛玉取り機,とても良く毛玉とれて見栄えが良くなり嬉しいです。
d5b259a84008c1dd213bcbf24bc7e19e,5.00,,初めて電動の毛玉クリーナーを買った。子どもの毛玉だらけの靴下で試してみたら見違えるほどキレイになり感動。しかし音は大きい。シェーバーの音を大きくした感じ。他の毛玉の服もきれいにしたい。
d5b259a84008c1dd213bcbf24bc7e19e,5.00,毛玉が取れる！,配送も早く、商品も気に入りました！カミソリで毛玉を取っていので、こちらを購入して良かったです。
d5b259a84008c1dd213bcbf24bc7e19e,4.00,,気になってた洋服の毛玉がきれいになりました。
d5b259a84008c1dd213bcbf24bc7e19e,5.00,すぐに届きました,発送の早さに驚きました。凄く助かりました！特にこれからのシーズン、大活躍しそう。以前から買いたかった商品で、とても満足しております。
d5b259a84008c1dd213bcbf24bc7e19e,5.00,すごい取れます！,百均の毛玉取りが壊れたのでレビューのよかったこちらを購入！電池式ではなくコンセントに挿すタイプなので電池入れっぱなしでダメになることもなさそうです。お気に入りのパーカーを取ってみたらすごくキレイになりました！買って損はしない品物でした！
d5b259a84008c1dd213bcbf24bc7e19e,5.00,配送が早い,金曜日のお昼に注文して、土曜朝届きました。早速使ってみました。新品のような状態には戻りませんが、クリーナーを当てた腕と当ててない腕を比べると、だいぶ綺麗になってます。デザインがシンプルで、軽いので女性でも扱いやすいです。クリーナーのお手入れもしやすいと思います。完璧に毛玉が取れるわけではないので、それを承知の上購入するならおすすめです。
d5b259a84008c1dd213bcbf24bc7e19e,5.00,これはすごい,この時期必須アイテムです。今までどうにもならない毛玉だらけのニットや冬物アウターも、これを使うと新品みたいに綺麗になります！！そしてストレス解消になります笑電池では無いので、いつまでもパワフルに使えます。お手入れも簡単です。ただ、気をつけて使わないと布地を削っちゃって穴が空きます、、、何着かやらかしました。
d5b259a84008c1dd213bcbf24bc7e19e,4.00,,今まで２０年くらい前に買ったやつを使っててまだ壊れてないけど口コミが良いので思い切って買ってみました。まず電池を変えなくていいのがいいですね。あと毛玉取るパワーもバッチリです。ただ練習でもう着ないニットで試してみたら穴が空いたのでお気に入りのニットは慎重にやってます。綺麗にとれます！
d5b259a84008c1dd213bcbf24bc7e19e,5.00,いいです！,お気に入りなんだけど、素材によって出来やすい細かい毛玉によって、着ることをためらっていた洋服達が見事に復活しました！これがあれば、毛玉は怖くない！
d5b259a84008c1dd213bcbf24bc7e19e,5.00,すごい！,口コミ通りよくとれます！今まで使っていたものは電池でパワー不足でしたがこちらは電気なので長い時間使っても衰えないのがいいです。買って良かったです。
d5b259a84008c1dd213bcbf24bc7e19e,5.00,いい！,安物、100円の物などを使ってましたがﾓﾁﾛﾝパワーが全然違う。電池でなくコンセントなのもありがたい。買ってよかったです
d5b259a84008c1dd213bcbf24bc7e19e,5.00,噂どうりとてもよいです,交流式でパワーがずっと変わらないのがとても使いやすいです。生地に合わせ、調整できるのもとても良い。買って大正解でした！
d5b259a84008c1dd213bcbf24bc7e19e,5.00,神です。,"もっと早くに出会いたかった(T_T)&#9829;毎年 毛玉だらけになり、処分していた敷きパットが…新品のようにツルツルに(T^T)感動です(T^T)&#9829;今 使っている敷きパットが凄くお気に入りで…今年も さよならをしなければいけないのかと諦めかけていました(T_T)これで、来年も使えます T^T&#9829; 衣類も見違えりました\&#9825;/"
d5b259a84008c1dd213bcbf24bc7e19e,5.00,,レビューが良かったので購入しました。パワーもあり気に入りました。
d5b259a84008c1dd213bcbf24bc7e19e,4.00,とれるー,毛玉めっちゃとれて感動しました！！ただ、薄手の物はある程度距離を離してあてないと破れてしまうので注意が必要です。
d5b259a84008c1dd213bcbf24bc7e19e,5.00,,めちゃくちゃ楽しいです。癖になりそう毛玉がジョリジョリとれていきます。靴下の毛玉を無心でとってました。ただ、かなり音大きめですので、夜の使用は避けた方が良いかと思われます。
d5b259a84008c1dd213bcbf24bc7e19e,5.00,,今まで電池式をしようしていましたが、壊れたので購入しました。
d5b259a84008c1dd213bcbf24bc7e19e,4.00,,電池式に比べパワーが持続します。やはりというか、刃物ですので使う人のさじ加減なんでしょうが早速洋服に穴を開けてしまいました…。
d5b259a84008c1dd213bcbf24bc7e19e,4.00,初めての毛玉取り機！,今までは剃刀で毛玉をとってましたが痛むのでこちらを初めて購入しました！！機械は軽く簡単に使えます！毛玉とった後の手入れも簡単です！気持ちが良いくらい綺麗に毛玉はとれますが、やはり少し生地が痛むような気がしました。ですが、スムーズに早く毛玉がとれるので上手く調整しながら使用していきます！
d5b259a84008c1dd213bcbf24bc7e19e,5.00,良く取れる！,今まで、毛玉取り機って持ってなかったので初めて使用したのですが、なんでもっと早くに買わな買ったのかと思うほど、パワーもあって良く取れるしニットも本当に綺麗になりますね。今まで毛玉ができて古くなった服は捨ててたのですが、これからはマメにお手入れしよう～おススメ商品です！
d5b259a84008c1dd213bcbf24bc7e19e,5.00,とても良いです！,今まで、電池式のものを使用しておりましたが、すぐ電池が切れてしまいストレスでした。こちらはずっとハイパワーで、良く毛玉がとれてスッキリします！娘のセーターや私のニットも綺麗になり、気持ち良いです^_^
d5b259a84008c1dd213bcbf24bc7e19e,5.00,2台目です。,2年前に購入して、毎回使うごとに毛玉を捨てて刃をブラッシングして使っていましたが途中からパワーが弱くなってきて、でも元々パワーがあったので騙し騙し使っていました（笑）でもある時主人が使ってて、たまに止まってしまったらしく修理すると言って分解してしまいそのまま使えなくなってしましました。今年は別なのも探してみましたが、お値段がお安いのにパワーがずっと持続するのでやっぱりこちらを購入しました。使いやすいしやっぱり買ってよかったです。
d5b259a84008c1dd213bcbf24bc7e19e,5.00,,ちょっと期待しすぎた感はありますが（笑）そろそろ引退かなと思ってた服たちが蘇ったので、満足しています。少しモーターの臭いが気になりました。長時間やらない方が良いのかな。
d5b259a84008c1dd213bcbf24bc7e19e,1.00,,商品は期待できそうですが、袋を開けたところ箱は破けていて説明書は折れ曲がって入っていました。とても残念でした。
d5b259a84008c1dd213bcbf24bc7e19e,5.00,すごく良いです,使いやすくてすごく良いです！すいすい毛玉がとれます！
d5b259a84008c1dd213bcbf24bc7e19e,5.00,大満足,注文した次の日に早速届きました！毛玉がみるみる取れて気持ちが良かった！もっと早く購入すれば良かったと思える商品です！
d5b259a84008c1dd213bcbf24bc7e19e,5.00,,凄くよく取れて最高です！是非買って使ってほしいアイテムです！
d5b259a84008c1dd213bcbf24bc7e19e,5.00,よく取れます,今まで100円ショップで買った毛玉取りを使っていたので比べ物になりませんが、よく取れます。音はけっこうしますが、毛玉が取れるなら私はその点は我慢できます。
d5b259a84008c1dd213bcbf24bc7e19e,5.00,,友人に貸したらえらく気に入って頼まれました。自分で使っててもそうですけど、使い始めると毛玉を探して歩き回る変な人になってるそうです。
d5b259a84008c1dd213bcbf24bc7e19e,5.00,本当に取れる,友達のオススメで、買って試したところ、本当に気持ちよく取れました。
d5b259a84008c1dd213bcbf24bc7e19e,5.00,使いやすいです。,服の上を軽く滑らすだけで簡単に毛玉が取れて、びっくりしています。捨てようと思っていたズボンが、この毛玉取り器のおかげで新品のように生まれ変わりました。
d5b259a84008c1dd213bcbf24bc7e19e,5.00,,とてもスムーズにキレイに毛玉が取れます。あと、びっくりするくらい軽くて使いやすいです
d5b259a84008c1dd213bcbf24bc7e19e,5.00,,きれいに取れました！やみつきになりそうです（笑）
d5b259a84008c1dd213bcbf24bc7e19e,5.00,母に頼まれ。,自分が量販店で購入し、使い勝手がよかったので母に薦めました。最初は高い買い物と躊躇しましたが、電池式の交換の手間＆稼働時間の短さから考えれば、絶対お得です。お手入れも簡単だし、ハイパワー過ぎて薄い靴下等は穴が開きそう(^^;その点だけ要注意です(笑)
d5b259a84008c1dd213bcbf24bc7e19e,5.00,パワフル,長い間電池式を使ってきましたが、やっぱりパワーが違います。調子に乗ってゴリゴリやると穴があくので注意！
d5b259a84008c1dd213bcbf24bc7e19e,5.00,以前から…,気になり、ずっと買おうか悩んでいました。冬になる前には…と思い、今回購入しました！早速、セーターに使用し、毛玉は綺麗にとれました！購入して良かったです！
d5b259a84008c1dd213bcbf24bc7e19e,5.00,大満足!!,めっちゃいいです！ソファーの毛玉が気になっていたんですが本当にキレイになりました！音も言うほど気にならず。もっと早く買えば良かったです。
d5b259a84008c1dd213bcbf24bc7e19e,5.00,とても使いやすい！,購入する際、楽天内の他店のレビューの多いお店と迷い、お値段がお安いこちらで購入いたしました。商品はしっかり梱包されていましたし、とても良い商品でした。あっという間に毛玉がとれたので、今まで買っては毛玉ができて捨てるという繰り返しから解放されそうです。ありがとうございます！
d5b259a84008c1dd213bcbf24bc7e19e,5.00,,気持ちいいくらいよく毛玉がとれます力もパワフルだし使いやすいです
d5b259a84008c1dd213bcbf24bc7e19e,5.00,,"ずっと悩んで悩んで悩んだ末に購入しました（笑）毛玉取るのに3千円か、、って悩むくらいならさっさと買えばよかったと思える程にすっきり快適です。ただ、切れ味が良すぎて""ガガッ""って詰まったときには生地は切れてるので高さ調節が大切ですね。ずっと100均の毛玉取りで慣れてた私は何度か穴が空きました。。最初は穴が空いても良い物からした方が良いかもしれませんね。まぁでも、壊れてもまた買いたい商品に違いはありません。"
d5b259a84008c1dd213bcbf24bc7e19e,5.00,初めての感覚!,"凄い！本当に取れます。使った瞬間、驚きと感動!!毛玉取りって、大して取れないのが普通だと思っていた私にはもう、感動しかなかった！そんなに値段も高くないので周りにオススメしてます。もっと早く買ってれば、捨てずに済んだ服があったなぁーと思っています 笑"
d5b259a84008c1dd213bcbf24bc7e19e,5.00,,今まで使っていた毛玉取り機は電池仕様だったので、ACアダプタの変わらない威力に、スムーズに毛玉取りもでき、ストレスフリーになりました。
d5b259a84008c1dd213bcbf24bc7e19e,5.00,,去年のお気に入りだった白ニットの背中と袖が灰色の毛玉だらけで捨てようと思っていました。毛玉クリーナーの存在を知り、こちらで購入しました！本当に毛玉がなくなり、綺麗になったので今年も着れるので嬉しいです！ドライヤーのような音で始めは音が大きいかな？と思いましたが、使っているうちに気にならなくなりました。毛玉取れるのが楽しくて色々な服を出してクリーナーしてます。良い買い物をしました！
d5b259a84008c1dd213bcbf24bc7e19e,5.00,,今まで電池式を使っていましたが、すぐ電池がなくなるのがストレスでした。AC電源すごくストレスフリーです。毛玉もめちゃくちゃ取れます。調子に乗ってゴリゴリやりすぎて夫の靴下に穴を開けてしまいました。気をつけます。
d5b259a84008c1dd213bcbf24bc7e19e,2.00,"買って 2年、潰れました。","使い心地は いいと思いますが歯を掃除するとき 蓋が 取れにくい。故障するのが嫌で、安物を避けたのに 残念です。これから 6枚刃で1980円の 安物に買い替えます"
d5b259a84008c1dd213bcbf24bc7e19e,2.00,"買って 2年、潰れました。","使い心地は いいと思いますが歯を掃除するとき 蓋が 取れにくい。故障するのが嫌で、安物を避けたのに 残念です。これから 6枚刃で1980円の 安物に買い替えます"
d5b259a84008c1dd213bcbf24bc7e19e,5.00,,電池式と比べてすごくいいです。パワーがバッチリ！スイスイ毛玉が取れました。
d5b259a84008c1dd213bcbf24bc7e19e,5.00,これは便利,いつか買おうと思っていた物。使ってみて便利さに驚いた。コードがあることもマイナスではなくてパワーの原点なのでこっちのが有り難い。
d5b259a84008c1dd213bcbf24bc7e19e,4.00,レビュー通り！,高評価のレビュー通り、確かによく取れました。もう捨てないとだめかと思っていた毛玉だらけの服が、もうワンシーズン着られそうです。100均のものとは比べ物になりませんね。まだ試していないのですが、ソファの毛玉も楽に取れそうで楽しみです。ただ、生地に押し付けすぎるとがりっといきます。穴は開きませんでしたが、結構な傷がつきました。力加減にご注意ください。
d5b259a84008c1dd213bcbf24bc7e19e,5.00,すごい！素晴らしい商品です！,捨てようと思っていたパンツの毛玉を取ってみたら、あっという間に新品のように綺麗になりました！やっぱり、AC電源だからパワーが弱くならないし、ゆっくり丁寧に当てられます。これまで色んな毛玉取りを試してきましたが、初めからこの商品に出会っていれば、無駄な毛玉取りを買うことなく、お気に入りのお洋服を捨てることなく済んだのに…と思っています。この毛玉取りの実力に驚きと、皆にお勧めしたい気持ちでいっぱいです！商品を購入してすぐレビューを書きたくなったのはこれが初めてというほどです！ちょうど衣替えで冬物を出して整理していたので、他の洋服の毛玉を見つけて早く取り除きたい～！きっと気持ちが良いはず！
d5b259a84008c1dd213bcbf24bc7e19e,5.00,,充電式と違ってずっと使い続けられるので助かります(^^)
d5b259a84008c1dd213bcbf24bc7e19e,5.00,冬には欠かさない,毛玉が凄くて、捨てても良いと思った物がよみがえります。
d5b259a84008c1dd213bcbf24bc7e19e,4.00,,配送が早いし、商品も大満足です。毛玉取りにはこだわりがあるのでいくつも持ってますが期待できそうです！
d5b259a84008c1dd213bcbf24bc7e19e,5.00,取れます,古いけどお気に入りのニットが蘇った&#9825;また今年の冬も着れる～。まだまだ毛玉があるので、色々とチャレンジします！
d5b259a84008c1dd213bcbf24bc7e19e,5.00,なぜ今まで買わなかったのだろう！,この一言につきます。今までどれだけこの毛玉取り機で救えるお気に入りの洋服たちを捨ててきたのだろう！初めて本当にもっと早く買えばよかったと思える商品です。
d5b259a84008c1dd213bcbf24bc7e19e,3.00,よくとれる！,毛玉をとてもきれいにとってくれます。コンセントなので、電池切れの心配もなく、ストレスなしです。ただ、発送までがとても長く…急ぐ方は困ると思います。
d5b259a84008c1dd213bcbf24bc7e19e,5.00,,電池式と違い、パワーが落ちなくて最高ですよ！
d5b259a84008c1dd213bcbf24bc7e19e,5.00,ニット復活！！！,あす楽で注文した翌日に届きました。セーターはGUや楽天で1980円前後の物を何枚も買い、毛玉になったら買い替え…を繰り返していましたが、こちらを購入し使用してみたら見事復活しました！軽いしスムーズに動かせるし、ゴミ捨てはラクだし、電源式なのでパワーは落ちないし、満足です！風合いガードはけっこう力入れないと外れないようになってます。やってる途中で外れても嫌なのでそれはそれで良いかな。掃除もしてみましたが簡単でした。とにかく満足です！家族もあまりの取れ具合にビックリして喜んでます！
d5b259a84008c1dd213bcbf24bc7e19e,5.00,とれるとれる,いい感じです。いまのとこ、破れる？とかイメージできないくらい順調に使えてます。もっと早く購入してれば！と思えるくらい大満足です。
d5b259a84008c1dd213bcbf24bc7e19e,5.00,凄く取れる,使用感は、小さな毛玉から大きな毛玉まで満遍なく取れます。取れすぎるので、力加減は自身で行わないとニット類は特に穴が空きます。電池式ではないので、急に電動力が弱まることもなくストレスフリーです。見た目もシンプルで良い。こちらが故障してしまってもまた同じ商品を購入します。
d5b259a84008c1dd213bcbf24bc7e19e,5.00,もっと早く買えばよかった,いつも100均の物を買っては壊れを繰り返していたので、思い切ってこちらを購入。パワーが落ちないし、電池がなくなるストレスもないので本当に買って良かったです！
d5b259a84008c1dd213bcbf24bc7e19e,5.00,届きました！,早い発送ありがとうございました！また機会があれば購入したいと思います！
d5b259a84008c1dd213bcbf24bc7e19e,5.00,,ネットでの評判をみて購入しましたが、ホントに良いものでした！子どもの制帽やトレーナーの毛玉も綺麗に☆重宝しそうです♪
d5b259a84008c1dd213bcbf24bc7e19e,4.00,,もっと安いものもたくさんありましたが、クチコミよかったのでこちらにしました。良くないことは聞かないので、使うの楽しみです。長く使わせていただきます。
d5b259a84008c1dd213bcbf24bc7e19e,4.00,,試しに使用してみましたが、かなり刈り取ってくれます。たくさんとれてびっくりです。だいぶ目立たなくなり、着れる服が増えました。ただやはりパーカーなどの薄手のものの毛玉はきれいにはいきません。ある程度残るのは仕方ないですかね。
d5b259a84008c1dd213bcbf24bc7e19e,4.00,綺麗になる！,毛玉が綺麗に撮れて、新品のようになります！起毛しちゃった毛も整えてくれてとても良いです！しかしながら使い方が悪くニット2着に穴を開けました、、笑平らなところかければ穴を開けることはないはず！
d5b259a84008c1dd213bcbf24bc7e19e,5.00,よく取れる！,100均の毛玉取りを使っていましたが、取れる面積が小さく、赤ちゃん着や靴下は良いのですが大人の服は途中で嫌になり、同じ箇所を何度も往復しなければきちんと取れないことなどからストレスになり、レビュー数も評価も高いこちらを購入しました。金曜14時過ぎに購入し、北海道なのであす楽にはなりませんが、日曜午前中に届くという、とても迅速なご対応でした。早速使用したところ、とにかくよく取れる！コンセントなのでパワーも残量も気にせず使用できますし、取れる面積も100均のと段違いで、大人の服もほぼストレスフリーで綺麗になりました。子供も大きくなるにつれ服も大きくなり、90サイズになってから毛玉取りがとても億劫に感じていたので有難い商品に出会えました。実は新生児期から買おうか迷っていたのですが、100均ので充分充分と思って買わずにいました。もっと早く買っておけばよかったぁ…と心底思いました。
d5b259a84008c1dd213bcbf24bc7e19e,1.00,箱が凹んでいました。,そのまま袋へ入れてあったので箱が凹んでいました。こんなショップ初めてです。
d5b259a84008c1dd213bcbf24bc7e19e,5.00,ずっと欲しかった！,100均の毛玉クリーナーを買って使ったことがありましたが威力が足りない。（そりゃそうですよね。）なので、評価の高いこちらの商品を購入しました。威力が抜群！そして楽しい！笑これまで溜まった毛玉達がみるみるうちに綺麗になっていきます。毛玉取りたくてうずうずします。愛用します。
d5b259a84008c1dd213bcbf24bc7e19e,5.00,毛玉だらけのセーターが,注文から到着まで早い対応でした。これからの季節にはセーターは必要。お恥ずかしながら毛玉だらけ…使ってみたら取れる取れる。最初は嘘だろうと思ってましたが口コミ通りでした。これで暫くはセーター買わずにいきそうです。
d5b259a84008c1dd213bcbf24bc7e19e,4.00,買って良かった！,毛玉が出来すぎて、捨てようかと思ってたコートやニットが復活しました！
d5b259a84008c1dd213bcbf24bc7e19e,4.00,,"初めて毛玉取りを使いましたが、思っていたよりも綺麗になりました！ただ調子に乗ってやっていたら、生地が歪み部分を無理矢理やってしまったようで生地を痛めてしまいました( ･ ･&#805; )"
d5b259a84008c1dd213bcbf24bc7e19e,4.00,,電池式よりもパワーもあり、楽にたくさん取れました。
d5b259a84008c1dd213bcbf24bc7e19e,5.00,,迅速かつ丁寧な梱包で、とても使いやすい商品でした。また買い物させて頂きます。
d5b259a84008c1dd213bcbf24bc7e19e,4.00,,前に使っていた電池の物より断然いいです。これから使う機会が増えると思うので、楽しみです。
d5b259a84008c1dd213bcbf24bc7e19e,5.00,良いです,初めて毛玉とりを使いましたが、簡単で良かったです。これからは捨てずに済みそうです。
d5b259a84008c1dd213bcbf24bc7e19e,4.00,応用次第で作業範囲拡大,パワーや性能が良いので応用範囲を広げて多面的に活用できています。
d5b259a84008c1dd213bcbf24bc7e19e,5.00,ACアダプターで便利,今まで電池式の毛玉とりしか使ったことがありませんでしたが、これは電源を取って使えるのでいつまでも威力が変わらず大変重宝します！肝心の毛玉を取り除く威力は普通によく取れる感じです。
d5b259a84008c1dd213bcbf24bc7e19e,5.00,最高,今までは小さい電池式を使っていましたが、これを使ってみて感動&#8252;やはり比べてパワーがあるし途中でからまって止まることがない。
d5b259a84008c1dd213bcbf24bc7e19e,4.00,,インスタで見かけて購入しました。綺麗に仕上がり満足です。
d5b259a84008c1dd213bcbf24bc7e19e,4.00,よく取れる,簡単にきれいによく取れます。毛玉をとると服が見違えります。
d5b259a84008c1dd213bcbf24bc7e19e,5.00,,電池式の小さな毛玉取りからブラシにしましたが、素材によっては使いづらくて。で、充電式の大きなこの毛玉取りを購入しました。楽～！手軽にスイスイとれる！毛玉取りが楽しくなりました。
d5b259a84008c1dd213bcbf24bc7e19e,1.00,,レビューを見て購入しましたが皆さん気持ちがいい程綺麗に取れるってレビューしてますけど…そんなに取れないです！生地裏に手を当ててやっても綺麗に取れない…カミソリでやった方が綺麗です。不良品ですかね！？生地が悪いのかな？とても残念です！
d5b259a84008c1dd213bcbf24bc7e19e,4.00,,よく取れます。でも調子にのっていると薄い生地は穴があくことがあるので要注意です。
d5b259a84008c1dd213bcbf24bc7e19e,4.00,,なんでもっと早く買わなかったんだろうと思うくらいいい。
d5b259a84008c1dd213bcbf24bc7e19e,5.00,,毛玉が面白い様に取れてセーターが生まれ変わります。お勧めです。
d5b259a84008c1dd213bcbf24bc7e19e,5.00,,オークションに出品したい洋服が毛玉だらけで、ダメ元で毛玉取りしてみましたが、とっても綺麗になりました。ビフォーアフター撮っておけばよかったです。
d5b259a84008c1dd213bcbf24bc7e19e,5.00,ほんとうに最高,たまらなく毛玉が取れる。仲良しの人みんなに買ってあげたいくらい素晴らしい
d5b259a84008c1dd213bcbf24bc7e19e,5.00,家内用です。,家内用です。結局高い物は良い。満足しております。
d5b259a84008c1dd213bcbf24bc7e19e,5.00,,もっと早く購入すればよかったと思うほど、気持ちよく毛玉が取れます！
d5b259a84008c1dd213bcbf24bc7e19e,5.00,威力パナイ,コード付きをはじめて買いましたが今まで使っていたのはなんだったのやら、、もっと早く買えばよかったです。楽しくて毛玉とりすぎてすぐ容器がいっぱいになります笑
d5b259a84008c1dd213bcbf24bc7e19e,5.00,,多少な毛羽立ちは残るので、新品とまではいきませんが復活して着れるようになるので許容範囲です！上の子が使用した学校用の服が復活して、下の子にも取っておけそうです！自分のコートは見違えるくらい綺麗になりました。届いてから、家に毛玉や毛羽立ちがある服を探してしまうくらいやみつきになります笑
d5b259a84008c1dd213bcbf24bc7e19e,5.00,,めちゃくちゃ取れる。布団カバーや服やマットが新品に蘇るのが感動です。もし故障したらまたリピートします。
d5b259a84008c1dd213bcbf24bc7e19e,5.00,大満足！,パワーがすごい！毛玉がきれいさっぱりなくなりました。大満足の買い物です。
d5b259a84008c1dd213bcbf24bc7e19e,5.00,,思ってた以上に毛玉取れて満足してます!!ただ、薄手の物にはやらない方がいいかな…穴空いちゃうから(･∀･)
d5b259a84008c1dd213bcbf24bc7e19e,5.00,よかったです,配送も迅速で梱包も丁寧でした。問題なく毛玉が取れています
d5b259a84008c1dd213bcbf24bc7e19e,4.00,,取れます。けだま取れますが調子に乗ると生地もがりっと、、注意しながら使います。靴下が綺麗になるので嬉しいですね。ただ調子に乗らないのが大事です。
d5b259a84008c1dd213bcbf24bc7e19e,5.00,買ってよかった！,去年から悩んでましたが今回楽天マラソンの買い回りもあり購入！早く買えばよかったと後悔しました～！
d5b259a84008c1dd213bcbf24bc7e19e,5.00,,買って半年のソファーの毛玉が出て来てとても気になっていたのですが、使ってみてビックリ&#8252;毛玉がほんと綺麗にとれて感激しました♪もっと早く買えば良かったと後悔するほどです！
d5b259a84008c1dd213bcbf24bc7e19e,5.00,,試しに去年来ていたウールのスカートの毛玉を取ってみた。なぜもっと早く見つけて買わなかったのか、と後悔するくらい綺麗に毛玉が取れてとっても使いやすいです。購入して本当によかった！
d5b259a84008c1dd213bcbf24bc7e19e,3.00,良いです。,子供用に購入したので、見てませんが、キチッと取れて問題ないそうです。良かったです
d5b259a84008c1dd213bcbf24bc7e19e,4.00,,取り敢えず使用してみて、練習というかコツが要るかなと思いました。接触部分が少し斜めの状態だと生地に穴を空けてしまいます。ずっと100均の電池タイプを使用しておりましたので、電池切れの煩わしさ、パワーが落ちないことは大変有り難いです(^^)
d5b259a84008c1dd213bcbf24bc7e19e,5.00,優れモノ！,コード式なので気が済むまで使えるのが嬉しい！トレーナーやTシャツの粒々が綺麗になって見違えました。ニットは糸が切れたら終了なので、薄手の物は特に恐くて使えません。２枚ほどダメにしちゃいました(´;ω;｀)
d5b259a84008c1dd213bcbf24bc7e19e,5.00,良い商品です,コンセントを入れるだけなので非常に簡単です。電池式だと缶電池が入れっぱなしになって錆びついたり、自分には扱いが面倒だったと思います。布地が破れたりしないかが気がかりだったのですが、薄い布地のおしゃれ着でも綺麗に取れました。
d5b259a84008c1dd213bcbf24bc7e19e,5.00,,いま話題のこちらが気になって購入しました！！スムーズにキレイになっていいです。ショップさんも発送も素早くよかったです！
d5b259a84008c1dd213bcbf24bc7e19e,5.00,,いま話題のこちらが気になって購入しました！！スムーズにキレイになっていいです。ショップさんも発送も素早くよかったです！
d5b259a84008c1dd213bcbf24bc7e19e,5.00,,毛玉しっかり取れます！これからの季節ニットなどに大活躍の予感です(^^)
d5b259a84008c1dd213bcbf24bc7e19e,4.00,よく取れます。,カラーが気に入って買いました。よく取れます。
d5b259a84008c1dd213bcbf24bc7e19e,5.00,よく取れる！,AC電源なので、一遍に沢山のセーターや靴下の毛玉が取れます。一度取り始めると病みつきになるので、長く使えるのはいいですね～！
d5b259a84008c1dd213bcbf24bc7e19e,5.00,届きました,"毛玉取りはないと生きていけない( 笑 )すごくきれいになるしコンセントタイプのほうがパワーがあるので私は好きです。送料無料も嬉しいです。"
d5b259a84008c1dd213bcbf24bc7e19e,1.00,,最初はよかったです。でも使用半年後くらいから、ガリっという音とともに穴が開くように。慎重に丁寧にやってもです。いったい何万円分損害が出た？確かに毛玉は取れますが、リスクが高すぎます。ありえない。
d5b259a84008c1dd213bcbf24bc7e19e,5.00,,きれいに毛玉がとれます！100均のものとは全然違います。買って良かったです。
d5b259a84008c1dd213bcbf24bc7e19e,4.00,100均のものより細かい毛玉も取れてる,ずっと100均のを使っていました。頻繁に使うわけではないので概ね満足していましたが、最近買ったカーペットに毛玉ができ始めてから、100均のでは取れない部分もあったのでこちらを購入。取れたあとのカスがすごく細くて、こんなに細かいものまで取れてるんだな～と目で見て分かります。カーペットもきれいにできました。マイナスは音がちょっと大きいかな～と思う点です。
d5b259a84008c1dd213bcbf24bc7e19e,5.00,,毛玉がキレイにとれて服がキレイになりました！買ってよかったです。
d5b259a84008c1dd213bcbf24bc7e19e,4.00,いい感じです,初めて毛玉取り機を買いました。電池式ではないので、パワー不足を感じることもなくいい感じです。生地をまっすぐにしてかけるのがコツでしょうか。しわになっていると穴が開きますのでご注意を。。。
d5b259a84008c1dd213bcbf24bc7e19e,4.00,良い,今までやすいやつを使っていたからか？かなり取れます。コードレスならなお良いので、マイナス1
d5b259a84008c1dd213bcbf24bc7e19e,5.00,とっても良い,これまで使用した毛玉とりはすぐに電池きれして威力が落ちるのですが、こちらは電力がかわらずずーっとハイパワーで毛玉取りをしてくれます。気に入ったので母にも追加で注文しました。ありがとうございます
d5b259a84008c1dd213bcbf24bc7e19e,4.00,シンプルでよい,インスタでよく見かけたので買ってみました！コードレスが良かったけど、パワーがあるし買って良かったかな！
d5b259a84008c1dd213bcbf24bc7e19e,4.00,,機械の毛玉取り器自体を初めて購入しました。こんなに楽だったなんて驚きました。もっと早く買ってればよかったと思いました。
d5b259a84008c1dd213bcbf24bc7e19e,5.00,よみがえります！,評判のいいテスコムの毛玉クリーナーを思い切って購入。これまでこのようなものは使ったことがなかったので、勿体ないかなぁ…と思いつつ初使用です。毛玉のつきやすい靴下に使ってみたら、なんと綺麗に！夏なのでニット系は未使用ですが、冬は活躍しそうです。
d5b259a84008c1dd213bcbf24bc7e19e,4.00,初めての毛玉取りき機,セーターの毛玉、面白いほど取れます。するときは一気にしたくなりあれもこれもとしました。でも調子に乗ってたら破れるので慎重に、、、
d5b259a84008c1dd213bcbf24bc7e19e,4.00,,毎シーズンものすごい毛玉になるマフラーで試したところとても綺麗になりました。毛玉になって捨てるということが無くなりそうです。
d5b259a84008c1dd213bcbf24bc7e19e,4.00,とても便利,コンセントなので電池気にせずに、長い時間使えてとても便利です。ただ電池式のものよりもパワーがあるからか、薄い生地のものは、やりすぎると穴が開いてしまいました。少し気をつけないといけないです。パワーはあるので、かなり毛玉とれて満足です。
d5b259a84008c1dd213bcbf24bc7e19e,3.00,音が気になる,ACアダプタ利用する分私は音が気になります。毛玉は取れますが新品にまではポツポツがとれません。それ以上頑張ると穴が開きます。見た目はそんな気にならない程度までは回復します。やり方次第なのかなぁ？
d5b259a84008c1dd213bcbf24bc7e19e,5.00,,コード式なので電池式のように途中で止まったりしないしなかなか良い品物です。オススメです
d5b259a84008c1dd213bcbf24bc7e19e,5.00,,何十年も使ってたパナソニックの毛玉取り機がとうとう壊れてしまったので、こちらの毛玉取り機を購入しました。よく取れて大変気に入りました！おススメです。
d5b259a84008c1dd213bcbf24bc7e19e,3.00,使い方に注意,大雑把な性格のため、ゴリゴリやってしまうと穴が空いてしまうことがしばしば。あっ！と思った時には、時すでに遅しなので注意が必要です。もっと丁寧に扱えば素晴らしい商品なのだと思います。会社の同僚に勧められての購入です。冬になったらセーターなどの毛玉を注意して取って、お気に入りの洋服を大事に着たいと思います。
d5b259a84008c1dd213bcbf24bc7e19e,5.00,これは凄い！噂通り！,お気に入りのワンピースに細かい毛玉がついて生地がザラザラとした感じになってしまい、もう捨てるしかないのかなとネットで調べていたところ、こちらの毛玉取りが凄いという情報を得て、ワラにもすがる思いで購入しました。びっくりです。本当に凄いです。取れる。風合いガードで三段階を選べるようになっていますので、色々なものに幅広く使えそうです。諦めるしかないと思っていた洋服が蘇りました。今まで使っていた電池式の毛玉取りは一体何だったのか？と思うぐらいです。あまりに楽しくて毛玉取りが趣味になりそうです。
d5b259a84008c1dd213bcbf24bc7e19e,5.00,良く取れます。,"今までは、電池式と掃除機に挿すタイプを使用していましたが、電池式は初めだけで、掃除機に挿すタイプは衣替えなどで沢山使うのには良いですが、ちょっと毛玉を取りたい時には、セットするのが、おっくうで、コード式を初めて購入。届いて早速 使ってみたら気持ち良い位 取れて、もっと早く購入するべきだったと思いました。"
d5b259a84008c1dd213bcbf24bc7e19e,5.00,,会社の制服がポロシャツで、着用して1年も経つと毛玉がチラホラ目立ち始めました買い替えても良いけど、まだ着られるし…と思い毛玉取り機を購入最初は100均一のやつや、乾電池式、ブラシタイプを検討してましたが安かろう悪かろうじゃないけど、それなりの仕上がりだったり疲れて手間だったり…というレビューを見てコンセント式を購入しました最初は怖くて風合いガードを高にしてたけど、慣れてきて中、低と下げたらガリっと小さな穴が(笑)気にせず着れる程度なので着てますが、今は中にしたら全くガリっとはならないし、何よりも面白いぐらいスイスイと毛玉が取れます&#8252;面倒臭くない！迷ってるなら買うべきですよー
d5b259a84008c1dd213bcbf24bc7e19e,5.00,満足です,お値段安いし商品もしっかりしているし！！大満足です！！！
d5b259a84008c1dd213bcbf24bc7e19e,4.00,パワーがあるけど、練習が必要かな。。。,説明書を見て、高さの調節もしたのですが２箇所穴が空いてしまいました。刃の切れ味が良いのでしょう。気持ちよく毛玉は取れます。取れますが調子に乗ってると生地も痛むので、まずは失敗してしまっても公開のない物で試してからのが良いと思います。
d5b259a84008c1dd213bcbf24bc7e19e,5.00,,思っていた以上に綺麗に簡単に毛玉が取れます！もっと早く買えばよかったです
d5b259a84008c1dd213bcbf24bc7e19e,4.00,楽しい,きれいにとれてくれます！毛玉取るのが楽しいです。笑
d5b259a84008c1dd213bcbf24bc7e19e,5.00,,早く買えば良かったと思うほど面白いほどよく取れます。気を付けて使わないと服に穴が空いてしまうほどです。海外で使えるのも電池式ではないのも良いです。
d5b259a84008c1dd213bcbf24bc7e19e,5.00,,ものすごく綺麗に切れて気に入ってます！買ってよかった。
d5b259a84008c1dd213bcbf24bc7e19e,5.00,良い！！,今まで冬服は毛玉で悩まされてましたが、こちらの商品で解決しました！毛長によって３段階調整が出来るので大事なニットにも安心して使えます！ニットによってはすぐクズが溜まるのが少し難点ですかね！でも沢山毛玉を取りたい服があるので面倒ですが頑張って綺麗にしたいと思います！
d5b259a84008c1dd213bcbf24bc7e19e,5.00,必需品！,"今まで使っていた電池式がバカらしくなるほど、本当によく取れます！一度撫でるだけで毛玉とサヨナラ～ヽ(*´∀｀*)ﾉ ただ、とても強力なので コツを掴むまでは慎重にw 私は使い始めの頃 力加減を間違え、何足も靴下に穴を開けてしまいました(;´д｀)それくらい強力です。"
d5b259a84008c1dd213bcbf24bc7e19e,3.00,,大事な服には使わない方がいいです。穴が開きました.
d5b259a84008c1dd213bcbf24bc7e19e,4.00,早く買えばよかった,100円ショップや、かなり安く買えるものとは違うと友達に聞いていましたが、確かにそうでした。生地が厚地のものから、薄めのものにも安心して使えます。衣替えの季節に活躍して、毛玉が取れてキレイになったので新しく買う服が減りそうです。
d5b259a84008c1dd213bcbf24bc7e19e,5.00,,めちゃくちゃいいです！こんなに毛玉取りっていいものだと知りませんでした！でも生地が薄い靴下に当たると穴が空きました…薄いものは仕方ないですねσ(^_^;)ニットはもちろん布のソファなどかなり使えます！
d5b259a84008c1dd213bcbf24bc7e19e,4.00,早い&#10071;大きい。,(日)商品届きました。早いです&#8252;ありがとうございました&#10024;今から使います&#10024;
d5b259a84008c1dd213bcbf24bc7e19e,5.00,もっと早く買えば良かった！！,とても買って良かったです。以前より購入を検討していましたが、なかなか購入しなかったのですが、子どものトレーナーに毛玉がすごく出来たため購入。とても良く取れ、取ると綺麗になります。自分の服で毛玉が出来てしまい気に入っているものの部屋着になっていた物が復活しました。もっと早く買えば良かったです。
d5b259a84008c1dd213bcbf24bc7e19e,3.00,毛玉取れます,毛玉取れます。但し、しすぎると穴が開きますので、程々がよいとおもわれます。今後も上手に使います。
d5b259a84008c1dd213bcbf24bc7e19e,4.00,音が、、、、,めちゃ取れます！100均のを使ってたんですがしょぼ差がすごく分かります。しかし、音が凄い…。
d5b259a84008c1dd213bcbf24bc7e19e,5.00,,もっともっと早くに買っておけばよかったと思える商品です(^^)
d5b259a84008c1dd213bcbf24bc7e19e,3.00,,前に使っていた毛玉取りが古くなった為、レビュー評価の高いこちらの商品を購入しました。他の方のレビューにもありますが、パワフルで毛玉がグングン気持ちいい程取れます。ただ、パワフル過ぎて薄手の物は高さを(高)にしてすごく気をつけていても破れやすい(ひっかかりやすい)です。そして毛玉がよく取れる分ホコリもすぐ溜まります。大きな物だと何回も捨てなければならなく、その度にほこりが舞うので少し困ります。前に使っていた物はもう少しほこりケースが大きかったので余計にそう思うのかもしれませんが。
d5b259a84008c1dd213bcbf24bc7e19e,5.00,,毛玉が簡単にとれます！もう捨てようかなと思っていたセーターも復活してうれしい。
d5b259a84008c1dd213bcbf24bc7e19e,5.00,気持ちいい～(≧∇≦),いままで電池式のものを使っていたのですが、インスタグラムでこの商品がよいとの評判を聞早速購入しました♪(*^^*)すると全然違う！気持ちいいくらいにキレイにとれてとっても嬉しいです～(≧∇≦)電池を代える手間もいらないしとっても良い買い物ができました～(≧∇≦)
d5b259a84008c1dd213bcbf24bc7e19e,5.00,凄く気持ちよく取れます,今まで使っていた百円商品とは、段違いの使いやすさです。一なでするだけで毛玉がよく取れます。
d5b259a84008c1dd213bcbf24bc7e19e,5.00,最高,皆さんのレビューが良かったので購入。注文してすぐに届きました。これは凄い。ずっとストレスだったソファの毛玉があっという間に綺麗になって別物になりました。まるで新品のよう。今までのストレスは何だったのか。もっと早く買えばよかったとのレビューがありましたが本当にその通りです。楽々取れてどんどん綺麗になるので気持ちいいです。購入して良かったです。最高。
d5b259a84008c1dd213bcbf24bc7e19e,5.00,買ってよかった★,今まで、乾電池式の物を使っていましたが、すぐ電池がなくなってしまいパワーも落ちるし、最低限しか使えませんでした。これはコンセントにつなぐので、電池がなくなることもないし、パワーも落ちない♪いろんな衣類の毛玉をとりまくっています。私は適当な性格なもので・・・生地がクシャっとなったままかけると生地を巻き込んで穴が開いてしまう場合があります。丁寧にすれば、失敗も少ないと思います。1つ気になるのは、取れた毛玉のゴミが、ふわっと出てきてしまうこと・・・ゴミを圧縮してくれるような機能がついていたら理想だな～なんて思います。でも気に入ってますし、本当に買ってよかったです★
d5b259a84008c1dd213bcbf24bc7e19e,4.00,,あす楽で本当に翌日に届きました！梱包はプチプチと紙袋でしたが、特に問題ないです。毛玉とりはずーっと欲しかったので買えてよかったです！使い心地はとっても良いです！子供のガーゼケットを先ほど試しましたが、凄いきれいになりました！！もっと早く買えば良かったです！コードも長くて使いやすいです。
d5b259a84008c1dd213bcbf24bc7e19e,5.00,,もっと早く買えば良かったと思うくらいです！毛玉とりの悩みの一つ、電池の消耗でパワーが途中で落ちることもなく、本当にきれいになります！
d5b259a84008c1dd213bcbf24bc7e19e,5.00,絶対オススメ！！,感動ものでした！洗濯に失敗して毛玉だらけになってしまった服がよみがえりました！！絶対オススメです！
d5b259a84008c1dd213bcbf24bc7e19e,4.00,,まだ使用していませんが使うのが楽しみです。
d5b259a84008c1dd213bcbf24bc7e19e,4.00,穴が・・・,毛玉がどんどん取れるのは気持ち良いです。ですが、気を付けないと穴が・・・。
d5b259a84008c1dd213bcbf24bc7e19e,5.00,満足！,インスタで気になって購入。値段、機能、共に満足です！
d5b259a84008c1dd213bcbf24bc7e19e,4.00,,電池式を使っていて不便さを感じACアダプタタイプを購入しました。威力が安定しているのは大変嬉しいのですが強力すぎて数枚穴を開けてしまいました(電池式でも穴を開けたことはあります)風合いガードの高さ調整だけでなく威力の強弱も付いたら最高なのですが。毛玉とりの能力は素晴らしいので、とにかく深追いせずに衣類にシワの無い状態で軽く毛玉取りしたいと思います。
d5b259a84008c1dd213bcbf24bc7e19e,5.00,最高！,ニ◯リのＮクール敷きパット同じ物を２枚買ったところ、何故か１枚だけ毛玉がてきるような生地で、クレームを出そうか迷っていました。取り敢えず毛玉取り機を買って、取れなかったらクレームを出そうと思っていたのですが、みるみるキレイに取れて、新品のスルスル生地になりました！今ではスリスリして気持ち良く眠れていますので、この商品のおかげでニ◯リにはクレームは出さない事にしました。
d5b259a84008c1dd213bcbf24bc7e19e,5.00,よかった,思ったより簡単に使えてきれいになったのでよかった。
d5b259a84008c1dd213bcbf24bc7e19e,5.00,,今まで百均のものを使っていましたが，全然違いますね。生地に当てる部分も大きく（百均と比較してですが），生地によって調節もできるのがいい。細かい毛玉だらけの子どものＴシャツやジャージが見違えました。色もホワイトとグレーで主張がないのがいいです。
d5b259a84008c1dd213bcbf24bc7e19e,2.00,△,思っていたよりは、毛玉が取れませんでした。。
d5b259a84008c1dd213bcbf24bc7e19e,5.00,とれるとれる♪,お布団にできた多くの毛玉もこれがあれば怖くないです♪今までハサミで毛玉をとっていましたが、購入してよかった！
d5b259a84008c1dd213bcbf24bc7e19e,4.00,,"良く取れます。 このお値段なら買って良かったと思います。"
d5b259a84008c1dd213bcbf24bc7e19e,4.00,毛玉はよく取れるけど,ベビー服の足つきの部分に穴が開きました。使い方に、少しコツがいるかもです。
d5b259a84008c1dd213bcbf24bc7e19e,4.00,使いやすい,使いやすくて毛玉がスルスル取れます！調子に乗ってやりすぎると生地に穴が開くのでマイナス1で。
d5b259a84008c1dd213bcbf24bc7e19e,5.00,素晴らしい！,"電池式でないのでパワーが落ちる事なくカシミヤのセーター等の毛玉も綺麗に簡単に早く取れて本当 驚きました。毛玉を取ってからクリーニングへ。もっと早く巡り会いたかった！"
d5b259a84008c1dd213bcbf24bc7e19e,5.00,すご！,今まで電池式使ってたのでコードつきのパワーに驚きました！なんで最初からこれ買わなかったんだろうと今までを後悔したくらい。もう捨てなきゃかなーって思ってた洋服もシーツも蘇りました！
d5b259a84008c1dd213bcbf24bc7e19e,5.00,楽しい！,めちゃくちゃ取れます。レビューにあるように、まるで髭剃りのよう。ガーゼケット2枚に使用しましたが、びっくりするほどとれました。これだけスッキリとれると、楽しい…&#9825;モーター音は確かにしっかりしますが、2ヶ月の娘は意に関せず寝ておりました。愛犬はちょっとソワソワ。レビューにあった、ゴミが溜まるところはすんなり取れました。とても満足です。
d5b259a84008c1dd213bcbf24bc7e19e,5.00,,レビュー通り、すいすい毛玉をとることが出来ました。あとは長持ちすることを期待します。
d5b259a84008c1dd213bcbf24bc7e19e,5.00,この品は使える,コンセント付きだし、数百円で買った使えない毛玉取りとは違います。毛玉取りには高いと思うかもしれませんが、服が長持ちすることを考えれば一家に１つあらといいかも。毛玉の服を着るよりずっといいです。旦那が買ったのを親が気に入り、今回は実家に買いました。喜んでくれました。
d5b259a84008c1dd213bcbf24bc7e19e,5.00,気持ちいいほど良くとれる,購入してから半年くらい経ちました。今までは充電式を使っていたので、電池が切れるのが早くて、スムーズに毛玉とりができずにいたのですが、こちらはコンセントにつなげて使用できるので、いつまでも同じパワーですいすい毛玉とりができます。楽しくて仕方ないです。家にある毛玉がついたものを徹底的にとってみたら、すごくすっきりしました。良い買い物をしたと思っています。
d5b259a84008c1dd213bcbf24bc7e19e,4.00,きれいに毛玉が取れます。,100均のとは全然パワーが違います！注文から商品到着までも早かったです。
d5b259a84008c1dd213bcbf24bc7e19e,4.00,,なんで今まで買わなかったのだろうと思うほど買ってよかったです。少し前に100均で買った毛玉取りは全然使い物にならず…ゴミになりました。こちらはコンセント式なのでパワーもあるし、ストレスなく毛玉が取れます。本当に買ってよかったー！
d5b259a84008c1dd213bcbf24bc7e19e,4.00,良かった,モーター音が若干、気になりますが、切れ味が良く、毛玉がきれいに取れました。交流式なので、電池切れの心配もなく、とても良いです。
d5b259a84008c1dd213bcbf24bc7e19e,5.00,,事前に皆さんのレビューを読んだ通り、使いやすくて満足な買い物でした！毛玉になる前の、でも気になる繊維のもわもわも綺麗スッキリ！薄手のセーターだけ、カバーを付けてやりましたが力を入れてしまったのか穴を開けてしまいました(ノ_･｡)気をつけて使っていきたいと思います！
d5b259a84008c1dd213bcbf24bc7e19e,5.00,,今まで同じメーカーの電池式のものを使っていましたが、買い換えて正解でした！とても綺麗に取れます。電池式だとパワーが落ちてイラっとすることがありましたがそれも無さそうなので購入して良かったです。発送も早かったです。
d5b259a84008c1dd213bcbf24bc7e19e,5.00,快調です,乾電池式のにくらべてかなり軽い！コードもまあまあ長いので不自由はありませんでした。なにより電池の残量を気にしなくていいし、パワーも落ちません。ちょっとうるさいかもしれませんが、乾電池式の勢いある時くらいのうるささくらいなので気になりませんでした。オススメします。
d5b259a84008c1dd213bcbf24bc7e19e,5.00,海外でも問題なく使えます,海外OKということで購入しました。コード付きなので非常にパワフルに毛玉取れます！
d5b259a84008c1dd213bcbf24bc7e19e,2.00,しっかり取る,今まで、乾電池式のものを使っていましたが、壊れてしまい、口コミ情報から、この商品を選びました。購入して良かったと思ってます
d5b259a84008c1dd213bcbf24bc7e19e,5.00,毛玉,毛玉も良く取れて、使いやすく、生地もあまり傷まないように感じました。気にいってます。
d5b259a84008c1dd213bcbf24bc7e19e,4.00,,今まで悩んでいた毛玉がきれいにとれて満足しています毛玉に悩み手放してしまったニットもたくさんあったのでもっと早く購入していればよかったです
d5b259a84008c1dd213bcbf24bc7e19e,5.00,,今まで電池式の毛玉クリーナーを使っていたのですが、電池の消耗も早く大きな物の毛玉をとるのも大変でしたが、こちらは大きなブランケットも力が衰えることなく綺麗にできるのでいいです。色もホワイトとグレーでスッキリしていておしゃれですし、お得な価格で購入出来、とても満足しています。
d5b259a84008c1dd213bcbf24bc7e19e,4.00,使いやすい！,今までは電池式の物を使っていましたが、パワー不足だし、電池が切れてすぐに使えなくなるので、こちらを購入してみました。多少コードは邪魔だし、コンセントのある所でしか使えませんが、ずっと使い続けられるので、ストレスがなくなりました！ただパワーが強すぎて、使い方を間違えると、衣類に穴を空けてしまう事もあるので、慎重に使う事をオススメします。
d5b259a84008c1dd213bcbf24bc7e19e,5.00,口コミ通りでした,口コミ通りとても良いです！毛玉が綺麗に取れ、生地も傷まず、使い心地とても良いです。アダプター電源なので途中で止まることもなく、見た目もシンプルで好みです。
d5b259a84008c1dd213bcbf24bc7e19e,4.00,とれるけど,やっぱり、生地が薄くなりますね(泣)穴もあいてしまったり。。。でもこちらの製品の不具合ではないです。毛玉をとる、という仕事は果たしてくれているのですから！
d5b259a84008c1dd213bcbf24bc7e19e,4.00,,今話題になってるのでどれだけ綺麗になるのか気になって購入。確かに電池式よりも遥かに取れます！着古してるから、新品のように～とはいかないですが中々取れなかった毛玉が取れたりして気分爽快でした。前まで電池式使ってたけど、断然こっちのほうがいいです！穴が開いた～ってレビューしてる人もいますが、基本的に毛玉クリーナーは気をつけないと穴が開くのでその辺は個人の使い方次第だと思います。
d5b259a84008c1dd213bcbf24bc7e19e,1.00,ニットが破れました,シワがよらないように伸ばして毛玉を取っておりましたが、穴が空きました。ニットの毛玉取りにはオススメできない商品です。
d5b259a84008c1dd213bcbf24bc7e19e,5.00,満足,今まではブラシタイプを使ってましたが、毛玉が酷くなったような気がして、こちらを購入しました。段階も調節できてすごくキレイな仕上がりになりました。セーターだけでなく、色々なものに使えそう。
d5b259a84008c1dd213bcbf24bc7e19e,5.00,ものすごくおすすめします,毛玉だらけになってしまってしまいこんであった、何十年も昔に母が編んでくれたセーターが美しくよみがえりました。靴下の毛玉、カシミアの毛玉などなど、なんでもきれいになります。毛玉探しをしてしまう、というレビューを読みましたが、それもうなづけます。
d5b259a84008c1dd213bcbf24bc7e19e,5.00,,今まで使った毛玉取り機の中で1番綺麗に毛玉が取れるので、購入して良かったです。
d5b259a84008c1dd213bcbf24bc7e19e,5.00,,早く買えば良かったです。本当に使いやすく、あっという間に毛玉が取れて衣類が見違えるくらいきれいになりました。
d5b259a84008c1dd213bcbf24bc7e19e,5.00,,洋服の気になっていた毛玉があっという間にキレイになって気持ちまでスッキリしました。操作もお手入れもシンプルで使いやすいです。
d5b259a84008c1dd213bcbf24bc7e19e,5.00,めちゃくちゃとれる,笑いが止まらないくらい取れます。特に、子供のキャラクターつき靴下なんて「新品?」って感じになります。ただ調子にのって、クッションの上や安定しないところでかけるとうっかりガリッとやってしまって穴があくことも…。他の方のレビューにもありましたが、毛たまるカートリッジがちょっとの衝撃でも取れやすいので私は軽くマスキングテープでとめて使っています。使い終わったあと、静電気でくっついてるカスをペタペタッと取って捨てられるので便利かも(^o^)友人にも貸してあげたところ「もうこれ自分でも買うわ」とその日に返却されたくらい人気でした。
d5b259a84008c1dd213bcbf24bc7e19e,5.00,,楽しいです。穴も開かず良い買い物をしたと思います。
d5b259a84008c1dd213bcbf24bc7e19e,5.00,早く買えばよかった！,とても便利でたくさんとれる！早く買えば良かった。ソファーやパジャマ、日常着も毛玉とって蘇りました！
d5b259a84008c1dd213bcbf24bc7e19e,5.00,,最高！もっと早く買っておけば良かった…と思うほど！
d5b259a84008c1dd213bcbf24bc7e19e,4.00,パワフルで◎,今まで100均の毛玉取り機を使っていましたが電池式ということもあり、すぐにパワーが落ちて毛玉が取りにくかったりストレスでした。こちらはパワフルで毛玉も面白いほどよく取れます。オススメです！
d5b259a84008c1dd213bcbf24bc7e19e,4.00,良かったです,20年近く、乾電池ﾀｲﾌﾟを使っていました。ずぼらなので滅多に使わずにいましたが、最近は夫の衣類の毛玉が目立ってきたこともあり購入。確かに格段に毛玉が取れます。大きさも程よいですし軽いので使いやすいです。ただ、集まった毛玉を捨てる際に本体ポケット以外に周囲にもくっついてしまい捨てるごとにハンドルとかを拭くのが少し面倒かな、と。(当たり前なのでしょうか)
d5b259a84008c1dd213bcbf24bc7e19e,4.00,すごい馬力,複数の友達から口コミで「三千円位の、テスコムの電動クリーナーすごい！」と聞いていたのでついに購入。お安くて嬉しい。毛玉だらけの子供のセーターや、自分のサマーニットがあっという間にキレイになりました。調子に乗って厚手のタイツを試したら、穴が開きました。しまった…
d5b259a84008c1dd213bcbf24bc7e19e,4.00,気持ちいい…,電池タイプの毛玉とりにイライラしていた私でしたがこれはストレスを感じることなく使えてほんとうにいいです！ただ想像以上に細かい毛玉まで取ってくれるので、溜まったゴミを出すときに、小さな小さなふわふわがそこら辺に飛び散ります。それだけは残念ですが、それを差し引いてもよいお品です！
d5b259a84008c1dd213bcbf24bc7e19e,5.00,,電池式よりもパワーがあり毛玉がよく取れます。捨てようかと考えていたニットが復活しました。お値段もお手頃でもっと早く買っておけばよかった思いました。
d5b259a84008c1dd213bcbf24bc7e19e,5.00,,とても使いやすいです。コードの長さも長過ぎず短過ぎず取り回し易いです。毛玉も綺麗に取れ毛玉だらけだったのが新品みたいです。どうもありがとうございます。
d5b259a84008c1dd213bcbf24bc7e19e,5.00,コード式がいい,今まで持っていたのが電池式で少し面倒だったので、コード式のものを探してレビューが高いこちらにしました。まだ少ししか使用していませんが毛玉ちゃんと取れます。
d5b259a84008c1dd213bcbf24bc7e19e,5.00,,何の問題もなく商品が届きました。ありがとうございました。
d5b259a84008c1dd213bcbf24bc7e19e,5.00,よかった,毛玉もきれいにとれるしとっても良かったです。
d5b259a84008c1dd213bcbf24bc7e19e,3.00,期待しすぎたかな？,100均の毛玉取りで十分でしょと思っていましたが、旦那の大きな洋服には骨が折れるし、微妙な仕上がり。オサレブロガーさんがよく紹介してたのであったら便利だけど、なくてもそう困らないよな～とお気に入りには入れてたものの、購入には至らず。で、今回満を持して購入に至りました。100均と比べちゃいけないけども、取れる範囲が大きいし、パワーが強い！旦那（バイク通勤）のネックウォーマーが毛玉だらけで捨てようと思ってましたが、まるで新品になりましたｗヒートテックの毛玉には要注意ですね。ピンとまっすぐにしてるつもりでも、毛玉を取ってる最中にシワになるので、それにひっかけて穴が開いてしまいました。あとは洋服一枚やったら刃の部分を掃除しないと、何かが絡まってる音がすごくて怖い。刃のカバーがどうも閉めずらい。ゴミを捨てる時に舞うホコリ状の服の繊維、本体にもびっしりつきます。個人的に、毛玉取りに3000円はちょっと高いと思ったので、3000円の価値があるかと考えると微妙？？？
d5b259a84008c1dd213bcbf24bc7e19e,5.00,スッキリ取れる,とても綺麗に毛玉取れます。力を入れすぎて穴を開けてしまいましたが、優しく滑らせるだけてスッキリ取れる。買ってよかったです！
d5b259a84008c1dd213bcbf24bc7e19e,5.00,,いつもソファを毛玉取りするのに電池式だとすぐに電池が無くなるんですが、コンセント式はかなり助かります！！早速ソファにかけましたが、カバーなしですいすいたくさん取れて感動です☆
d5b259a84008c1dd213bcbf24bc7e19e,5.00,,確かに音はうるさいです。でもすごく綺麗になって大満足です。もっと早くに買えば良かったです。
d5b259a84008c1dd213bcbf24bc7e19e,5.00,驚くほどとれました！,すごく良い商品です。もっと早く買えば良かったです。
d5b259a84008c1dd213bcbf24bc7e19e,5.00,,優しく当てる、という説明を読む前にぐりぐりやったら、すっごく取れちゃったので、気を付けないと生地が薄くなると思います。というわけで、すごく取れます！コードなので、いつでもフルパワーなのが〇です。
d5b259a84008c1dd213bcbf24bc7e19e,5.00,自分が気をつけないとダメ,凄くよく取れるだけに、シワを伸ばすことを怠ると穴をあけてしまいます。
d5b259a84008c1dd213bcbf24bc7e19e,5.00,洋服が新品になった,友人がいいよと言ってたので購入。セーターやジャケットが新品のようになってワクワク。但し、薄い物はよく伸ばして、やさしいモードでしないと穴があく恐れがあります。
d5b259a84008c1dd213bcbf24bc7e19e,5.00,凄い,配送とても早かったです。商品到着してすぐ使ってみたら、毛玉が本当に取れました。もっと早くにこの商品に出会えてたら捨てずに済んだ服があったのに…って思いました。買って良かったです。
d5b259a84008c1dd213bcbf24bc7e19e,3.00,やぶれやすい,やり過ぎると破れるとは聞いていたが少し力を入れてしただけですぐ穴があきました。そーっとしないとだめなようです。毛玉はまあまあ取れます。
d5b259a84008c1dd213bcbf24bc7e19e,3.00,家事が楽になりました。,今までは100均の毛玉取りを使っていましたが...大人は大きくて大変で初めてちゃんとした毛玉取りを買いました。レビューを見た通り、電源をつないで使うものなのでパワーも凄く短時間でしっかり取れます！しかし、私が不慣れなのか100均の物よりパワーがあるので何枚も穴が空いてしまいました。。。
d5b259a84008c1dd213bcbf24bc7e19e,4.00,,冬にセーターの毛玉取りたくて購入しました。毛玉はすごく取れるけど静電気のせいなのかダストボックスに毛玉がベッタリついてちゃんと捨てれないのが難点でした。
d5b259a84008c1dd213bcbf24bc7e19e,5.00,ハイパワー,今まで百均のものを使っていましたが段違いのパワーで、あっという間に綺麗になります。なぜもっと早く買わなかったのだろう…
d5b259a84008c1dd213bcbf24bc7e19e,5.00,楽しいです。,初めて電動の毛玉取り機を購入したのですが、楽だし綺麗に仕上がります。取れた毛玉がたまる部分は小さいのですぐ一杯になりますが全然問題ないです。買ってよかったです。
d5b259a84008c1dd213bcbf24bc7e19e,5.00,コンセントで便利,昔から毛玉取り器は愛用してましたが、電池がすぐなくなり威力が弱くなるーーもどかしい！だったんですが、これはコンセントタイプなので威力も衰えずガンガン取れます！ついつい、楽しくて家中の毛玉を探してしまうほど(笑)買って良かったです♪
d5b259a84008c1dd213bcbf24bc7e19e,4.00,,もっと早く買っても良かったかな。すごく毛玉取れますよ！
d5b259a84008c1dd213bcbf24bc7e19e,5.00,よく取れます。,10年程前に買った電池式のを使っていたのですが、最近全然取らないので購入。薄手のセーターが多いので軽く滑らせるようにするとちゃんと取れます。コードもそこそこの長さがあるので気になりません。
d5b259a84008c1dd213bcbf24bc7e19e,4.00,すごい！,インスタで話題になっていたので、気になって購入。本当にパワフルで今まで使っていた毛玉取り機はなんだったんだ？と、思うくらい凄いです。
d5b259a84008c1dd213bcbf24bc7e19e,5.00,毛玉がすっきりとれました,guで購入したニットが、どうしょもないくらい毛玉が付いてしまったので購入しました。安いニットなので1シーズンで買い替えかなぁと思っていましたが、まだ着れそうですありがとうございました&#128522;
d5b259a84008c1dd213bcbf24bc7e19e,5.00,,とても買って満足しています。毛玉が面白いほど取れます。もっと早く買えば良かったと後悔です。
d5b259a84008c1dd213bcbf24bc7e19e,5.00,良いです！,そうそう持ち運ぶこともないので交流式にしました。電池の減りを気にすることなく毛玉取り出来るので良いです！仕上がりも綺麗です。使いやすいしオススメです。色も白とグレーで落ち着いていて好きです。
d5b259a84008c1dd213bcbf24bc7e19e,5.00,"コード式 電池がいらないのがいい！",過去に電池式を使ったことがありますが、すぐに電池がなくなるしキレイに毛玉も取れないので最近は使っていませんでした。KD778-Hは口コミがよく、お手頃価格なのでお試しで買ってみましたが、とても良かったです。とりあえず靴下の大量の毛玉で試してみましたが、きれいになりました。夜に使うには少し音が気になるかもしれません。
d5b259a84008c1dd213bcbf24bc7e19e,5.00,,皆さんのレビューを参考にして購入しましたが、もっと早く買えば良かったというくらい、毛玉をキレイにとってくれて服が見違えるようになりました。電池式よりもコードにして良かったです。
d5b259a84008c1dd213bcbf24bc7e19e,4.00,もっと早く買えばよかった！,毛玉取り機を何十年ぶりかに購入しました。もっと早く買えばよかった！と思えるぐらいすごく取れます！新品のようになります（笑）くず入れが少し小さいかなぁ。ACアダプタ付いてるので時間気にせず使えるのもとてもいいです。
d5b259a84008c1dd213bcbf24bc7e19e,4.00,,ブログでおすすめされていたので購入しました。乾電池式の毛玉取りとさほど変わらないんじゃ？と思いながら使いましたが、使い終わってみれば、やはりこちらの方がパワーが一定だからなのか早くきれいになりました。毛玉があちこち出来てしまったもののお気に入りだった捨てるに捨てられない洋服、復活しました！
d5b259a84008c1dd213bcbf24bc7e19e,5.00,,電池式ではないので、パワーが落ちないので使いたいです。毛玉が綺麗に取れるのでニットが生き返りました。
d5b259a84008c1dd213bcbf24bc7e19e,5.00,気持ち良い！,早く買えば良かった。家の中の毛玉だらけ衣類がみるみる蘇っています。三歳の子供と楽しく取ってます。コンセントが届く範囲というのが、少々不便ですが、それを凌ぐ毛玉取りパワーと仕上がり。
d5b259a84008c1dd213bcbf24bc7e19e,4.00,,大型で気持ちよく毛玉がとれてとても満足です。
d5b259a84008c1dd213bcbf24bc7e19e,2.00,インスタ,Instagramで高評価だったので購入したのですが、靴下は軽くしただけでも穴があいてしまいました。次のもその次のも…なぜこんなに？というくらい。今までの方が穴も開かず良かったので捨てなきゃ良かったなと。パワーが強すぎるからかな？私的には充電出来た方が嬉しい。コードは邪魔に感じます。
d5b259a84008c1dd213bcbf24bc7e19e,5.00,よかったです,今ままで100円ショップで購入したものを使っていましたが、電池はすぐなくなるし、買い換えようと思ったら売っていないし・・。そこで、レビューの良かったこちらの商品を購入したしました。毛玉が面白いようによく取れます！子供も喜んで自分の洋服の毛玉を取りを楽しんでします。子供のお気に入りの洋服に毛玉あり、みすぼらしくなっていたのですが、蘇りました！
d5b259a84008c1dd213bcbf24bc7e19e,5.00,今日届きました,届いたばかりでまだ使用してませんが、楽しみです。
d5b259a84008c1dd213bcbf24bc7e19e,5.00,早く買えばよかった,毛玉があっという間になくなって他の商品と違い感激！新品のようになるので捨てずに済みました。ありがとうございました(*´&#42163;`*)
d5b259a84008c1dd213bcbf24bc7e19e,5.00,よく取れます！,"冬物の整理のために購入！1シーズン着て、細かい毛玉だらけになってた服がとても綺麗になりました&#3526;&#776; かなりオススメです！"
d5b259a84008c1dd213bcbf24bc7e19e,5.00,めっちゃすごい！,"ヤバいぐらい毛玉が どんどん綺麗に♪やってて楽しいぐらい スッキリ綺麗になりました！取りにくそうなセーター系も服を傷めずできました★"
d5b259a84008c1dd213bcbf24bc7e19e,5.00,これは凄い！！！,お気に入りのワンピースに毛玉がたくさん出来てしまい、新しいものを買いなおそうにもお店がなくなってしまって困ってました。急ぎで欲しかったのであす楽対応のこちらのショップで購入しました。早速使いましたが、100均のものとは比べ物にならないですね！新品同様になりました。音は少々うるさくて、これを使っている時にお客さんや宅配便のチャイムがなっても聞こえないくらいの音がします。音に関してメーカーに問い合わせると、動作は正常なので様子を見てくださいとの事でした。生地によっては毛玉が取れにくく押さえつけたら穴が空きました。いらない服などで力加減を練習してから大切な服に挑戦した方が良いかもです。アイロン台の上でやると綺麗に出来ました。買って良かったです。
d5b259a84008c1dd213bcbf24bc7e19e,5.00,,電池式の毛玉取り機で１０００円のものと１００均の物を持っており、大した差を感じていませんでした。が、姉が電動タイプを持っており、遊びに行った際に使わせてもらったところ、毛玉を取った後の再生率が全然違う！特に毛玉のできやすいアクリルものなどは歴然とした差があり、購入に至りました。慎重に使わないと布を噛んでしまうことがあるようなので（姉は服を破ったことがあると言ってました）気を付けようと思います。
d5b259a84008c1dd213bcbf24bc7e19e,5.00,,すぐに届き、凄く綺麗に取れるのでびっくりしました。満足です。
d5b259a84008c1dd213bcbf24bc7e19e,5.00,,毛玉が気持ちいいほど取れます。満足です。
d5b259a84008c1dd213bcbf24bc7e19e,4.00,キレイ,キレイに取れる。他のものを使ったことがないからわからないけど超気持ちいい。
d5b259a84008c1dd213bcbf24bc7e19e,4.00,,頼んでからすぐ到着しました！今まで電池で動くやつを使っていたので全然使いやすくなりました！
d5b259a84008c1dd213bcbf24bc7e19e,5.00,一家に一つの優れもの,キルト絨毯、セーター、靴下、Tシャツ等、毛玉の大小で使い分けが出来るのでありがたい。綺麗になるので本当に嬉しい。コードは多少邪魔だが、電池式と異なりパワーダウンが無いので安心。
d5b259a84008c1dd213bcbf24bc7e19e,5.00,パワーがある,毛玉が良く取れます！電池式の物より断然良いですね
d5b259a84008c1dd213bcbf24bc7e19e,5.00,電池を気にせず良いです,コンセント式なので電池を気にせず使えて良いです。当たり前だけど、毛玉取りしたあとは新品っぽくなりますが生地が薄くなり印象が変わるものもあります。でも捨てるよりも良いです。満足しています。
d5b259a84008c1dd213bcbf24bc7e19e,4.00,思った以上です！,口コミより購入しました！自分も早く買えばと思うくらい良いです！でもちょっとやりすぎ、Tシャツをよく伸ばしてやらず、ジョリ嫌な音、破れて飛びだしを綺麗にしようと思いもう一度ジョリ穴が大きく、手縫いで補正しました、良い気になってやってしまった、次回は慎重にやります
d5b259a84008c1dd213bcbf24bc7e19e,4.00,使用後の再レビュー,まだ未使用です。使用後に再度レビューします。使用後、☆4へ。電池式と比べパワーは有り。アイロン台を使用して毛玉とりとり。本体は電池が無い分軽いです。充分満足です
d5b259a84008c1dd213bcbf24bc7e19e,5.00,,ニットなどに穴が空いたりしないか半信半疑で購入しましたが、そんな心配は全く不要でした。服が傷つくこともなくとてもよく取れます。もっと早く購入すれば良かったです。
d5b259a84008c1dd213bcbf24bc7e19e,4.00,全然違います★,ズボンの毛玉取りに買いました。やる前と後ではかなり違います！買ってよかった！もちろんよく見ると取れてない。。。というか取れない毛玉はあるけど、それは仕方ない！
d5b259a84008c1dd213bcbf24bc7e19e,5.00,簡単,毛質の用途があり、便利です。コンセントで利用できるから、到着して・・すぐ活躍しています。
17655458b00e376029b740e5c6eabfba,4.00,早かったです,発送通知なかったので時間係るかと思ったらもう届きました。まだ使ってませんが思ってる程重くは感じなかったので充電してつかつのが楽しみです。音は我慢するのできっちりすって欲しいですね。
17655458b00e376029b740e5c6eabfba,4.00,,３日以内に届きました安く買えたのでよかった
17655458b00e376029b740e5c6eabfba,5.00,とてもいい,欲しくてたまらなかったdysonの掃除機、この機会についに買ってしまいました...やっぱり素晴らしい吸引力ですね！ホコリがおもしろいくらいとれるので掃除機かけるのが楽しくなりました！
17655458b00e376029b740e5c6eabfba,1.00,ポイント加算について不満,商品はまだ届いてないので、商品についてはわかりません。注文後ポイントバックが5パーセントも加算されており、私はまだ手元に届いてないのに、今買う人はポイント加算が増えていて、不満が残りました。
17655458b00e376029b740e5c6eabfba,5.00,凄い吸引力,前から欲しかったダイソンの掃除機。階段や二階の部屋に使用するため、軽量で小回りがきき最高です。今回はフトンツールもついていて使うのが楽しみです。
17655458b00e376029b740e5c6eabfba,5.00,,以前から欲しかったダイソンついに購入しました。ポイントバックでお得なときに購入できて、ラッキーでした。届いてすぐに組み立てました。スイッチオンしたら動いたので試しに掃除しました。室内犬がいるので、まぁ、見事にたくさん吸い取ってくれました。充電一杯にして、明日からの掃除が楽しみです。
17655458b00e376029b740e5c6eabfba,5.00,,我が家では2台目のダイソンです。MAXパワーにするとすぐに充電が切れてしまうのが短所ではありますが、コードレスでパワーもあるダイソンは買って損はナシという感じです。
17655458b00e376029b740e5c6eabfba,5.00,よかー！,安くて買ってよかったです！吸引力の変わらないただひとつのそうじきですな
17655458b00e376029b740e5c6eabfba,4.00,,プレゼント用と職場用に購入。自宅で使用してるｖ８より軽く掃除し易くワンフロアに丁度良いモデルです。購入して良かったです。
17655458b00e376029b740e5c6eabfba,3.00,期待を下回った,"初ダイソンですポイントアップで25％バックさらに楽天カードなどもろもろ含めると35％以上ポイントバックされそうだったので購入残念な点･正確に言えばこれはV6ではなくDC62であること･ヘッドの真下のゴミは完璧なまでに吸い取るが、壁際や部屋の角は日本製の掃除機より吸わない･モーターヘッドに空気の逃げ道がないため、薄くて軽いラグやビニールフロアは吸い付いて動かない･ジョイント部分に4mmほどの隙間があり、きっちりはまらない、ぐらつく･DC62なので仕方ないけど騒音が大きい･フトンツールは大変重宝するが、隙間ノズルが付属してないため細部が掃除できない･注文確定のメールは来るが、発送完了のメールが来ないので荷物を追えないこれらを我慢できれば買ってOKだと思います私の場合はポイントが約1万円以上ついたので実質19000円弱で購入できました19000円なら文句も言えないかなただし、DC62は騒音も大きいですし排気のクリーンさも2013年の品質ですからどうしてもダイソンが欲しいなら性能が向上したV10、またはV7かV8をおすすめしますさらに言えばソフトローラークリーナーヘッドが付属している製品がおすすめカーボンファイバーブラシは日本の住環境には向いていないと思いますさらに立てかけて収納するならスタンドを購入する必要があり、別店で買うならその予算も考慮に（かっこいいのは3800円以上します）V10 V8 V7 V6などの比較検討をしたい場合はYouTube上にレビュー動画がいくつもありますよ"
17655458b00e376029b740e5c6eabfba,5.00,満足,音はうるさいのは口コミで見て承知で購入したので、全然気になりません！！めっちゃ使ってます！！カーペットの下のゴミまで吸ってくれます！！
17655458b00e376029b740e5c6eabfba,4.00,ダイソン凄い,"ダイソンの吸引力凄いです    モップの後の掃除機であんなにゴミが取れているのを見て自宅の汚さが目に見えた気がします(笑)   ただバッテリーの時間がもう少し長く欲しかったです…せめて30分使えると嬉しいですね！でも値段考えたら贅沢言えないですね！"
17655458b00e376029b740e5c6eabfba,5.00,念願のダイソン,実家の母が目の手術を受た直後に、新燃岳爆発で凄い量の火山灰。これは絶対に目に悪いと、電気屋に相談し火山灰にはダイソンと勧められ購入。普通の掃除機では吸いきらない細かな灰が、取れる取れる。此でダイソンの凄さは十分に理解していましたが、なにせ高い。安い掃除機を使い続け、やっと自宅用に注文出来ました。受け取り直ぐに充電し、部屋中を掃除して廻りました。やはり吸引力は段違い！特に、カーペットに潜っていた塵がごっそり。収納用ブランケットは別にスタンドを手配し使いました。電源がびったり差し込み出来ます。このブランケットにはツール二つを差し込み出来ますが、布団ツールを差し込んだら幅一杯。此処だけ残念でした。
17655458b00e376029b740e5c6eabfba,5.00,コスパ最高です,ポイントバックのキャンペーンで購入したので、とてもお得に購入できました。吸引力もさすがのダイソンで満足してます。
17655458b00e376029b740e5c6eabfba,3.00,掃除機,家には色々な掃除機があります。ダイソンも試してみたいとの事で安いグレードから試してみます。気に行ったらV10を買うつもりです。
17655458b00e376029b740e5c6eabfba,5.00,旧式掃除機から買い換え,欲しい、欲しいと思いながら「まだ使える」と我慢してましたが、セールだし年末近いし、いよいよ吸引力無くなってきたので、思い切って買っちゃいました！部屋に鳥と犬が居ます。早速使ってみました。もう絶句です！みんなすぐ買おう！ゴミ、ほこりどころじゃない！砂のように取れます！ほんと絶句です。今までの掃除機ってなにを吸ってたの？って感じ。音には驚くけど慣れれば問題なしです。
17655458b00e376029b740e5c6eabfba,5.00,迅速な対応,迅速な対応ですぐ到着しました。他のV7やV8と悩みましたが、今のところV6で問題ないです！一軒家でもラクラク！乳児と幼児がいるのですぐに掃除機が使えて本当に良かったです
17655458b00e376029b740e5c6eabfba,2.00,うるさい。。,本当にうるさい。うるさすぎ。ほんとに騒音です。掃除機かけるのが億劫になってしまう。買わなければ良かった。返品したいくらい後悔。
17655458b00e376029b740e5c6eabfba,1.00,残念、、,最長20分間と書いてますが10分程度で終了…掃除が最後までできません。かなり残念な買い物
17655458b00e376029b740e5c6eabfba,1.00,注文か日経ってもなんも連絡なし,せめていつ発送するか注文してすぐに対応して欲しい。
17655458b00e376029b740e5c6eabfba,5.00,DC62からの買い替えです,DC62の電池がヘタってきて、バッテリーを買うか、買い替えるか迷っていた所に20%ポイントパックセールを見て飛びつきました。注文翌日の午前中に到着、早速使いました。一回の充電でまた家中掃除できるようになって大満足です。
17655458b00e376029b740e5c6eabfba,3.00,,今まで使用していたDC35より若干ですがパワーがある様な気がします。収納用ブラケットは、ネジ穴が楕円形の為、ネジがフィットしません。ちなみに、ネジは付属してないので自前です。価格が安いのでそれなりに満足しています。
17655458b00e376029b740e5c6eabfba,5.00,やっぱダイソン！,"吸引力ハンパない！！！コードレスなので掃除しやすいのが いいです"
17655458b00e376029b740e5c6eabfba,4.00,吸引力が強すぎて絨毯掃除がうまくいかない,我が家はフローリングがメイン。ダスキンモップをかけた後にダイソンで掃除したら、かなりの埃が取れました。すごい吸引力です。噂どおり。ただ、絨毯掃除は吸引力が強すぎて、絨毯ごと吸ってしまい、動かすことができませんでした。
17655458b00e376029b740e5c6eabfba,4.00,軽い！,軽くてコンパクトで使いやすいです。注文して、すぐにとどきました。
17655458b00e376029b740e5c6eabfba,5.00,,軽いし吸引力すごい！しかし音は大きいけど仕方ないと思ってます
17655458b00e376029b740e5c6eabfba,5.00,福島県からですが,頼んだ翌日に届きました！迅速な対応ありがとうございます！職場での使用なので十分な感じです！またよろしくお願いします！
17655458b00e376029b740e5c6eabfba,1.00,商品は良さそうだけど,翌日には届きませんし、サポートさんの対応も待たせすぎ、商品保証登録もメンテナンス中だったりと登録完了も確認出来ず、流石海外ブランド。全てにおいて後手でした。
17655458b00e376029b740e5c6eabfba,5.00,軽くて良い！,V8を持っていて、２台目です。V8と比べて断然軽いです。稼働時間は短いですが、ささっと掃除機をかけるなら十分。サイズも小さいですが問題は感じないです。だんだん重いものは辛くなっていて、軽いとそれだけで嬉しいです。お値段も断然お得でした。買って良かったです。
17655458b00e376029b740e5c6eabfba,5.00,買って良かった！,上位モデルとどのくらい差があるのか不安でした。6年程使用したエルゴラピードの2in1が急にお逝きになり、長毛種の猫4匹と生活する我が家で掃除機は生命線ですので、すぐに配達して頂き助かりました。吸引力も文句なしです。カーペットについた猫の毛や、散らかした猫砂もベッドを往復せず一発で吸ってくれるのでとても満足しています。
6b81dc203eee8d6c8dee61894e2b547b,5.00,最高の性能と美しいビジュアル,安く購入できた。ノズルの筒がゴールドに近い光沢のあるイエローで、さすがダイソン！性能だけじゃなく、高級感までも追求したと言える一品です。音も静かになってます。トリガーを戻すと最後に「キュイン」と締めの効果音みたい聞こえて、よくわかりませんが性能の良いマシン感があって気に入ってます。他の方がレビューした、重さは少しあるようですが、私の中には評価を下げる要素には全くなりません。発送到着早かく、非の打ち所がないです。
6b81dc203eee8d6c8dee61894e2b547b,5.00,,"到着が早かったです。V8に比べて とても軽くて使いやすいです。お得に買えて良かったです。"
6b81dc203eee8d6c8dee61894e2b547b,5.00,手軽に使えます。,ダイソンの旧式からハンディタイプに乗り換えました。驚くほどよく吸います。3段階パワーを調節できますが弱でも十分です。ヘッドが大きくソファの下等の隙間はヘッドが入らないため交換しないと厳しいです。電池持ち気になりません。布団ツールのみ別途購入予定です。本製品購入時のポイントで買えるので満足でした！掃除機かけなきゃ！って思ってからさっとかけられるのはとても良い変化です。気軽にかけれます。音も静かになったことと、何より音がかっこいいです。
6b81dc203eee8d6c8dee61894e2b547b,5.00,v10,早い！大満足です！かなり気に入りました！ありがとうございます。
6b81dc203eee8d6c8dee61894e2b547b,1.00,自分が買った商品には、キズがありました！,ヘッドの部分にキズがありました！どういう管理をしていているのか疑問です！
6b81dc203eee8d6c8dee61894e2b547b,5.00,コードレス,他の人のレビューを見て重さを心配してましたが女の私でも全然重くなかったです。もっと早く買えば良かったと思いました。今回は安く購入出来て本当に良かったです。息子も買いました。ありがとうございました！
6b81dc203eee8d6c8dee61894e2b547b,4.00,やっぱり掃除機はダイソンですね。,ワンルームなので、友達の意見を参考に最初はハンディタイプを買ったけど、床掃除に這いずり回らなければならなかった。それと比べたら、スティッククリーナーは最高でした。吸引力も抜群。ほこり、ダニアレルギーなので、寝具によく使っています。本当に買ってよかったです。最初、駆動時間がなんて気になったけど、ワンルームなんて、あっというまに掃除が終わるし、毎日の掃除が習慣づいたのもこの掃除機のおかげだと思っています。実家で、使用している８０過ぎの母は、掃除機が重く感じるみたいですが、ほこりをいっぱい吸ってくれるのでがんばって使っていると言っていました。ごみを捨てるシステムがもう少し改善されるとうれしいですね。かぱっとふたがあいて、ごみ箱にごみが落ちるのですが、どうしても勢いで、せっかく吸ったごみが、舞い上がってしまいます。また、掃除かいっといつも思ってしまいます。
6b81dc203eee8d6c8dee61894e2b547b,3.00,掃除の軽減できるか,コード付きｄ２６を使っていますが、１F２Fと持ち運びが大変なので、コードレスを２F専用にすることにしました。使ってみると、コードレスを上に下にと運んでいます。充電器を２か所に取り付けたいぐらいです。もう少し電池の使用時間が欲しいです。電池性能を考えると重量の関係から無理なのかな。
6b81dc203eee8d6c8dee61894e2b547b,5.00,dyson,ふとんの掃除をしたくて、いろいろと悩んでdysonにしました。どうせ買うなら一番新機種のもの。試してみましたが、ふとんの掃除はいまいちでした。しかし、普段使いはいい感じです。大変重宝しています。
6b81dc203eee8d6c8dee61894e2b547b,5.00,,配送もスムーズで、商品も使いやすく、吸い込みもバツグンでした&#10071;
6b81dc203eee8d6c8dee61894e2b547b,4.00,買い増し購入,先のダイソンは何故か不調になりましたので、最新機種を買い増しました。性能的には、やはりダイソン。利用可能時間も使い勝手も随分良くなっていました。
6b81dc203eee8d6c8dee61894e2b547b,3.00,稼働時間１Hにひかれて買ったが、重い！！,何しろ重い！通常の掃除では、何とかなる。が、女性は片手では無理で両手で支えて使ってる。壁や天井に向けては、これまでの機種のような使い方は無理ですね。前の機種を買えばよかったかな。。。まあ、稼働１時間を選択して、床掃除メインならガマンかな。
6b81dc203eee8d6c8dee61894e2b547b,5.00,早く買えばよかった,はじめてのコードレス掃除機です。もっと音がうるさかったり重いのかと思いましたがとても静かで少しゴミを見つけた時にささっと使えて便利です。
6b81dc203eee8d6c8dee61894e2b547b,4.00,ダイソン,最新機種を安く買うことができてよかったです。
6b81dc203eee8d6c8dee61894e2b547b,5.00,初めてのダイソンです。,商品を購入後、直ぐに届きました。初めてのダイソンです。値段が高いけど、従来型に比べてバッテリーの持ちや吐き出し口から吸っている空気よりも綺麗なエアーが出ているので臭いません。何よりもコードレスなので、色々な場所が掃除可能で毎日掃除しています。(^-^)v
6b81dc203eee8d6c8dee61894e2b547b,5.00,,発送も早く、お得に買えて良かったです。商品自体も満足してます。
6b81dc203eee8d6c8dee61894e2b547b,5.00,稼働時間が長い！,"50,000円くらいでセールで買えて本当に良かった。ダイソン買いたくて2万円代の古い機種を買うところでしたが一回の充電で1時間も使えて、もうこれだけで他の掃除機は処分したいくらいです。お買い得に買えて本当に嬉しいです。"
6b81dc203eee8d6c8dee61894e2b547b,5.00,満足しています,コードレスの掃除機が欲しくて購入しました。吸引力、重さとも満足です。音も他の方のコメントほどうるさくないです。
6b81dc203eee8d6c8dee61894e2b547b,4.00,引っ越しを機に,"初、コードレス掃除機ダイソンです。吸い込みは凄いですね笑薄めのラグマットをかけてみましたが白い粉みたいなゴミが、しっかりと取れてビックリこんなにゴミが付いてたんだな…って吸い込みが凄いのでラグがずれるかな？って思ったけどずれもなく問題無しでした。ただ、キッチンマットとか小さめのやつはやっぱり吸い込みが凄いせいかヘッドに吸い込まれそうになり掃除しにくい感じです。ヘッドも、思った通り動かずコツが必要かと思います。 音は静かです。"
6b81dc203eee8d6c8dee61894e2b547b,4.00,パナとシャークとダイソン,悩みに悩みダイソンに吸引力があるので弱でもストレス無い家の中中いけました。(1時間弱)しかし軽くは無いので、ハンディーにするとかなりこたえます。ヘッドもクネクネするので慣れるまでは思わぬ方向に…昔の家なので、敷居とかの段差が有ると角も少し苦手のようで、ブラシに付け替え。この点はパナの方が好みベッドの下もバッテリーがつかえて奥までは無理、ここはシャークただ、吸引力とバッテリーの持ちが一番のポイントだっので、概ね満足
6b81dc203eee8d6c8dee61894e2b547b,5.00,,さすがのV10です。使用していたV6からすべての点でレベルアップしています。
6b81dc203eee8d6c8dee61894e2b547b,5.00,とてもいい！,うわさ通りの吸引力で、とてもいいです。片手では少し重いですが、両手なら大丈夫です。付属のブラシもとても便利です。早く買えばよかったです。
6b81dc203eee8d6c8dee61894e2b547b,5.00,,やっと我が家にもダイソンがやって来ました大掃除に役立ちますありがとうございました
6b81dc203eee8d6c8dee61894e2b547b,4.00,やっぱりダイソン。,先代のダイソンがお亡くなりになって、二代目のダイソンです。吸引力も持久力もアップ！
6b81dc203eee8d6c8dee61894e2b547b,4.00,静か,コード有りの旧型から買い換え。意外と静かで軽かった。ゴミ捨ても、イラストだけで方法分かるとなお良かった。
6b81dc203eee8d6c8dee61894e2b547b,5.00,この実力はすごい,テレビの宣伝は決して誇張ではありません。いままで「V6」を使っていたので吸引力といい、バッテリーの持続時間といいその実力の違いに驚いています。お高くても良い買い物でした。
6b81dc203eee8d6c8dee61894e2b547b,5.00,,高めですが、性能、使い勝手がよくさすが、dyson！
6b81dc203eee8d6c8dee61894e2b547b,1.00,がっかりです。,配達された履歴も無くメールの連絡も無い。配達された次の日に配達完了になっていた。配達されるのか心配で、はこもすぐ開く状態で、がっかりです。
6b81dc203eee8d6c8dee61894e2b547b,5.00,大変満足,初めてのダイソンです。基本的な吸引能力はコード式と変わりなく、良く吸ってくれます。3段階パワーの最弱でほぼ事足りています。音はコード式の方が大きいと思います。ノズルが少し長いですが、まぁ許容範囲内。階段掃除は右手で本体持ち、ノズルに左手を軽くそえると楽にできます。猫の毛やトイレ砂が多いですが、その辺は問題なく吸えます。すぐに掃除できるのが非常にありがたいです。車の掃除も簡単。ミニモータヘッドを布団専用に使っていますが、謎の白い粉がたくさん取れます。ネットで調べるとダニにフンや死骸との噂。ビックリするくらい取れます。値段は高いですが、買って良かったと思います。
6b81dc203eee8d6c8dee61894e2b547b,5.00,満足しています。,掃除機が壊れてしまったので今回はコードレスの掃除機が使いやすいと思いダイソンの最新型を思い切って購入しました。とても使いやすく吸引力もゴミの捨てやすさも良く気に入って使っています。
7a851e32628ae82ce7d37bbcf4a3ee39,5.00,,小さくて持ち運びしやすく、ポカポカで眠ることができます
7a851e32628ae82ce7d37bbcf4a3ee39,5.00,冬の定番,寒い冬には欠かせないと思います。他の同等商品と違い手軽に使用出来るのが助かります。
7a851e32628ae82ce7d37bbcf4a3ee39,4.00,満足しています。,軽くて使い易い布団乾燥機なので助かります。ただ、フレキシブルホースの調整範囲（長さ）の説明不足や収納時は固定されないので持ち運び時に動きます。この点は改善して欲しいです。
7a851e32628ae82ce7d37bbcf4a3ee39,5.00,使いやすい。,"タイマーつきにしようか？テレビ通販にしようか悩みましたが オーソドックスなこちらにしました。お布団ふかふかです。今までの電気毛布より気持ちいいです。"
7a851e32628ae82ce7d37bbcf4a3ee39,4.00,凍えていた日々は何だったんだか。,良かったです。1週間以内には届きました。安くはないけどその分パワフルで、早々活躍してます。
7a851e32628ae82ce7d37bbcf4a3ee39,5.00,初めての布団乾燥機,これまであまり布団乾燥機の必要性を感じていなかったのですが、多くの方のレビューが良いこともあり、興味がわいてきて、この商品を購入いたしました。コンパクトでかわいいですし、操作も簡単です。予想していた以上に温風が行きわたっていて、使うのが楽しくなりました。あと少しだけホースが長かったらなお良かったな、と思いますが、概ね気に入っています。
7a851e32628ae82ce7d37bbcf4a3ee39,5.00,はじめての購入,"ホースの収納が出来るタイプと悩みながらコンパクトなサイズと口コミでこちらを購入してみました。これから収納する為のボックスを選ぼうと思っていますが、軽いので出し入れがとても楽です。シートが無くても隅々までしっかり乾燥されお布団がふっくら ふわっふわ購入してみて良かったです(^^)"
7a851e32628ae82ce7d37bbcf4a3ee39,5.00,あったかい,15分で足元まであったかくなってグッスリでした
7a851e32628ae82ce7d37bbcf4a3ee39,4.00,とてと暖かいです☆,布団がとっても暖かいです☆洗濯物にホースを向けるのですが風邪の勢いでホースの向きが変わってしまうので少し残念です☆
7a851e32628ae82ce7d37bbcf4a3ee39,4.00,これからの季節活躍しそうです。,操作簡単、片付け場所いらずです。布団はふかふかになりますが、埃がとれるわけではないので、干すことも必要になるのかもしれません。これからの季節、就寝前にセットしておくと暖かく寝れそうです。
7a851e32628ae82ce7d37bbcf4a3ee39,5.00,,とても良いです！今までは、マット式の乾燥機を使用していたので、それと比べると、セットから片付けまでとにかく楽です！小さい子どももいるので、家事の負担を減らすのに一躍かってくれています。靴を乾かすのにも使用しましたが、しっかり乾いてくれて、天気の悪い日でも靴が洗えて、助かります。
7a851e32628ae82ce7d37bbcf4a3ee39,3.00,満足です,安く買えたので、とても良かったです。これからの時期活躍してくれそうです。洗濯物の乾燥に、とありましたが、ホースがすぐに重みで下向きになってしまうので、乾燥には使えないかな、と思います。
7a851e32628ae82ce7d37bbcf4a3ee39,5.00,,壊れてしまった電気あんかのつもりで購入しました。デザインもかわいいし、冷えた足先も温めてくれて満足です。
7a851e32628ae82ce7d37bbcf4a3ee39,5.00,,外に干せないので購入しました。思ったほど布団が膨らみませんが熱は全体に行き届いています。軽くて使いやすいです。
7a851e32628ae82ce7d37bbcf4a3ee39,4.00,,小さく軽いので、使いやすそうな布団乾燥機です。低反発や高反発の布団は使えない場合があると説明書に書いてありました。我が家はトゥルースリーパーを使っているので調べてみるとやはり布団乾燥機は使えない様でした。布団乾燥機としては使わず、ブーツの中を乾かしたり、洗濯物を乾かす時に使うしかなさそうです。
7a851e32628ae82ce7d37bbcf4a3ee39,5.00,衝動買い,湿気が気になり、衝動買いしてしまいました。が、早速使用してみたら、とても使いやすい。ホースのセットだけで使えるのがいいですよ。
7a851e32628ae82ce7d37bbcf4a3ee39,5.00,良い,音は静かで、軽いので持ち運びも楽。良い。
7a851e32628ae82ce7d37bbcf4a3ee39,5.00,,結婚祝いに買いました！凄く使いやすいと喜んで貰えました！
7a851e32628ae82ce7d37bbcf4a3ee39,5.00,大満足☆ミ,かなり満足。コンパクト、軽い、簡単、可愛い。一番暖かい風でなくても、ダブルの羽毛布団の端っこまでほんのり温かさを感じます。母も私も体温が高いので、暖め過ぎないように気を付けて使います(笑)
7a851e32628ae82ce7d37bbcf4a3ee39,5.00,乾燥機,仕事が忙しく布団がなかなか干せないので、購入しました。すごく温かくなってびっくりです。梅雨時期や、冬場には役に立ちそうです！1000円オフのクーポンも使えて良かったです。
7a851e32628ae82ce7d37bbcf4a3ee39,4.00,買ってよかった,これからの季節に大助かりです。まずコンパクトなのがいいです、温まりも早くていいですし、わたしにとっては冬の必需品です
7a851e32628ae82ce7d37bbcf4a3ee39,3.00,布団乾燥機,前に使用していたのはお布団の上に薄い袋状の物を敷き乾燥する物でした今回の物は羽状に上下をほんの少し高くするだけの物で簡単なのですが布団内部に風がいきわたるのか不安でしたがきっとそれも考えて設計しているのだと思い使用しています。
7a851e32628ae82ce7d37bbcf4a3ee39,4.00,カラリとあったか！,コンパクトで（小さく軽い）邪魔にならないし、マット不要が、良い！からりとした布団で眠れそうです。収納も場所を取らない小型サイズだし、使用方法も至って簡単で妻も満足みたいです。
7a851e32628ae82ce7d37bbcf4a3ee39,5.00,,寝る前の暖め用に購入。小さいのにパワフルで良かったです。本当に寒くなったらどうかな・・・
7a851e32628ae82ce7d37bbcf4a3ee39,5.00,寝る前の布団を温めるのに！,冬は特に布団が冷たいので寝る前に温めて就寝の準備として試してみたら、風呂に入ってる感覚で幸せな感覚になり満足な商品でした。この商品で外干しがなくなれば花粉や黄砂の対策もできで満足と思いました。
7a851e32628ae82ce7d37bbcf4a3ee39,5.00,これから使います,親に電気屋で買ってあげて、先月使っているのお見て、使いがってもよく、今ぱぅとで買いました、これから冬で大活躍しそうです
7a851e32628ae82ce7d37bbcf4a3ee39,5.00,,こんなにコンパクトでパワフルとは！！寒い冬の夜寝る前にあったかいお布団がいつでも用意できるのはとっても便利です。いいお買いものができました。
7a851e32628ae82ce7d37bbcf4a3ee39,2.00,備考欄,備考欄に時間指定したが、指定なしで届いて、とても困りました。
7a851e32628ae82ce7d37bbcf4a3ee39,5.00,ふかふか、ほかほか,仕事でなかなか干せないので、購入。なんでもっと早く買わなかったのだろうと思うほど、きもちがいいです。子供の布団に寝る前に使用したら、一瞬で寝ました！！
7a851e32628ae82ce7d37bbcf4a3ee39,5.00,コンパクトでいいです,靴も乾かせるとのことで購入しました。袋がない分、コンパクトで使いやすかったです。
0ab5f24456f38db59b20a00d17edeaa0,5.00,いい,ダイソン買ったのでスタンドも欲しいと探してたら安いのがあったので買いました。何も問題なくスッキリダイソン収納でき取り出す時も楽にとれたので買ってよかったです。
0ab5f24456f38db59b20a00d17edeaa0,5.00,パーツが整理できて、使いやすい,ダイソン購入と共にスタンドも購入。掃除機についているパーツが整理できて、とても便利。組み立ては簡単にできました。
0ab5f24456f38db59b20a00d17edeaa0,1.00,,19日に注文して1週間たちましたがまだショップからのメールすら来ていないので商品がいいのかわかりませんが早く来て欲しいです…
0ab5f24456f38db59b20a00d17edeaa0,5.00,もっと前から欲しかった！,掃除機を買った時、取り付け器具がついてきましたが壁を傷つけたくなくてクローゼットの壁に立てかけていました。クリーナースタンドはリビング続きの廊下に設置。すぐ取り出せて使い易いしお洒落です。
0ab5f24456f38db59b20a00d17edeaa0,5.00,満足,場所をとらず便利です！購入して良かったです！
0ab5f24456f38db59b20a00d17edeaa0,5.00,ダイソンのスタンド,ダイソンと部品を購入しました。最初は箱の中に入れて居たんですが、スタンドがある事を知り購入しました。スタンドにダイソンのコードレスと部品がすっきり置けて大満足です。
0ab5f24456f38db59b20a00d17edeaa0,5.00,,組み立ても一人で出来るし、ダイソンが綺麗にまとまって見栄えもいいです。
0ab5f24456f38db59b20a00d17edeaa0,5.00,良かった！,商品が届くのも早く、組み立ても簡単でした。見映えもよく、これだったらどこに置いても良さそう。
0ab5f24456f38db59b20a00d17edeaa0,5.00,問題が無い商品でした。,いろいろなスタンドを閲覧して最終的に家電店の展示用のスタンドを見て購入しました。組み立ててみましたが安定感がありいろいろと収納できてとても便利でした。
0ab5f24456f38db59b20a00d17edeaa0,5.00,思った以上に安定,いろいろなスタンドを閲覧して最終的に家電店の展示用のスタンドを見て購入しました。組み立ててみましたが安定感がありいろいろと収納できてとても便利でした。
0ab5f24456f38db59b20a00d17edeaa0,5.00,,ダイソンがまるでインテリアに見えるくらい綺麗に収納出来るので旦那も私も満足です！ありがとうございました！
0ab5f24456f38db59b20a00d17edeaa0,5.00,プレゼント,親戚への贈り物に購入しました。大変気に入ってくれて満足しています。壁を気付けずに何処でも置けるから良かったと言っていました。以前よく似た物の黒を自宅用に買って使用していたのでオススメ出来て良かったです。
0ab5f24456f38db59b20a00d17edeaa0,4.00,,すっきりと片づけられたのでよかったです。ただ、ダイソンの交換用の各種ノズルを差し込んでみましたが、少し前垂れするようなかんじでしっくりこない。クッションテープを巻いて、しっくりくるようにしました。
0ab5f24456f38db59b20a00d17edeaa0,5.00,,掃除機の出し入れがなく、使いたい時にさっと使えるので購入して良かったです。
0ab5f24456f38db59b20a00d17edeaa0,4.00,,小物も立たれて収納できるので、置き場所にも困らず便利です！
0ab5f24456f38db59b20a00d17edeaa0,5.00,スタンド,サイズもピッタリで使いやすい。ダイソンが綺麗に収納できました。
0ab5f24456f38db59b20a00d17edeaa0,5.00,迅速,"お値段以上の商品でした。手軽に組み立てられて すっきり収納できました。"
0ab5f24456f38db59b20a00d17edeaa0,5.00,,"ダイソンv8 fr...購入時にスタンドなんて要らないだろうと思ってましたが、要りました。パーツが多いので、それをひとつに収納できるのが一番嬉しいです。また、充電もしやすく取り外しやすいです。発送も早く、組み立ても簡単でした。"
0ab5f24456f38db59b20a00d17edeaa0,5.00,,あす楽で、次の日の午前中には届きました。V10対応だったのと、安さに惹かれて購入。組み立ても、女性1人でできました。商品自体も、土台にしっかりと重みがあるので、壁に沿えて、手で押さえればぐらつきも全く無く、動いてしまうこともなく使いやすかったです。付属品も収納できて、とってもすっきりしました！
0ab5f24456f38db59b20a00d17edeaa0,4.00,,ダイソンV10を購入したのでこちらのスタンドを買いました。女性1人で組み立てられ、ダイソンの付属品を収納できて良かったです。
0ab5f24456f38db59b20a00d17edeaa0,4.00,すっきりしました,ダイソンv10用に購入。ツールをどこに置くかで掃除機の使い勝手が変わると思うので、本体と一緒に収まるものを探しました。組み立ては10分ほどで出来ました。
0ab5f24456f38db59b20a00d17edeaa0,5.00,シンプルで細身ながら,しっかりとしているので倒れにくい。かつスペースを取らない。部屋の雰囲気を損なわないので、リビングに設置中。いい買い物をしました。
0ab5f24456f38db59b20a00d17edeaa0,5.00,,ダイソンV10用に購入。ツールが全部セット出来て、買って良かったです。
0ab5f24456f38db59b20a00d17edeaa0,5.00,買ってよかったです,発送も早く2日で届きました組み立ても簡単で10分もかからないで作れました
0ab5f24456f38db59b20a00d17edeaa0,1.00,破損していました,ダイソンを購入し、賃貸なのでスタンドを探していたら他のものよりお安くありがたかったです。しかし到着して中を開けてみると破損していました。すぐ使いたいし返品も大変なのでこの前使用しますが大変残念です。写真を貼り付けられないのでうまく伝わりませんが。
0ab5f24456f38db59b20a00d17edeaa0,4.00,,オプションで追加購入した分がささらない。あと頭が重くて若干前のめりになる。
0ab5f24456f38db59b20a00d17edeaa0,5.00,スッキリ収納(正にスタン(ド)バイOK),今回、V8アブソリュートを購入し、付属ツールの保管に苦慮していましたが、この商品は7点全て収納でき、必要な時すぐに取り出せ、探す手間もストレスも無くなり大変重宝しています。製品の造り、デザイン、心遣い(ネジ穴隠シール)等、大満足です。
0ab5f24456f38db59b20a00d17edeaa0,5.00,スッキリ収納,沢山ある付属品を簡単にスッキリ収納できて感動しました。壁に穴を開けなくて良いのがなにより嬉しいです。掃除がもっと楽しくなりそう。
0ab5f24456f38db59b20a00d17edeaa0,5.00,買ってよかったです。,今まで、ダイソンの置き場所を困ってたので、とてもたすかりました！デザインもシンプルで、付属品も収納できるし、もっと早く買えばよかったです。
0ab5f24456f38db59b20a00d17edeaa0,5.00,,組み立てはとても簡単でした。しっかりしていて、買って良かったです。掃除機の取り外しにもほとんどぐらつきませんでした。
beada0025b42d8b4134c895c725ea0f8,5.00,,コードレスが初めてだったけど、簡単に取り出せて吸えるので本当に良かったです！吸引力は紙パックにゴミが詰まってくると落ちます
beada0025b42d8b4134c895c725ea0f8,4.00,便利,やはりコードレスは楽ですね。特に階段などは今までコードごと引っ張っていた重さを考えたら、小回りもきくしすぐに掃除したくなります。排気が冷たく、掃除している角度によっては自分の体方向へ風が出るのが気になりましたので、星4つにしました。
beada0025b42d8b4134c895c725ea0f8,4.00,音の大きさ以外は完璧,ワンルーム1人暮らしで購入しました。レビューを見てあまり吸い取らないとありましたが、全然そんな事なく十分吸いとってくれます。強さ3段階あるのですが、1番強いやつだと音がかなり大きめなのでそこが気になったぐらいであとは文句なしのコスパです。
beada0025b42d8b4134c895c725ea0f8,5.00,とてもいい,もっと早く買えばよかった！充電も早いし、手軽にすぐ使えて家具の下もスイスイ！今の所欠点が見当たりません。
beada0025b42d8b4134c895c725ea0f8,4.00,軽さは正義,掃除ってそもそも面倒くさいのに、重い掃除機を使うのは掃除へのハードルを上げるだけでした。ダイソンとか吸引力が自慢の商品があるけど、値段が高すぎる！その点、マキタは軽くて、お値段もお手頃。吸引力も充分な気がします。今回のマキタは2台目。性能アップでいい感じです。
beada0025b42d8b4134c895c725ea0f8,5.00,プレゼントにしました。,田舎で一人暮らしの高齢の義母がコード付きの掃除機に難儀してるとぼやいてたので、コードレス掃除機を検討、軽いこと・ゴミ捨て・お手入れが簡単なことを条件に選びました。組み立ては壊すと怖いからと義兄が帰省するのを待って組み立ててもらったそうです。軽さにとても驚き、それになにより今まで吸ってくれなかったものを吸ってると、喜んで貰えました。これから筋力が衰えてもこの軽さなら自分で掃除機掛けが出来ると喜んでました。紙パックを20枚と棚ブラシを同梱で購入しました。
beada0025b42d8b4134c895c725ea0f8,4.00,,配送も早く普通に使える掃除機です!!毎日使うものなので軽くてありがたい。
beada0025b42d8b4134c895c725ea0f8,4.00,コードレス,コードレス掃除機がこんなに快適なんて、本当に楽です。充電するときの音は気になりますが、長いこと充電するわけじゃないので、許容範囲です。買ってよかった商品です。
beada0025b42d8b4134c895c725ea0f8,4.00,とても軽い,ほんとに軽いです。本機を一歳半のこどもでも持ち上げられます。
beada0025b42d8b4134c895c725ea0f8,5.00,,ヘッド、ノズル、細口ノズル(？)紙パック10枚、使い捨てないダストパックつき。バッテリーはふた昔前のコンパクトデジカメくらいの大きさと重さ。電池切れが早いが充電も速い。ハンディとして使えばグラノーラが吸えて小石が吸えない。ノズルとヘッド使用だと髪の毛と埃が吸える(紙パックが空の状態でパワフルモード使用)一人用アパートか一軒家のサブ機に適していると思われる。収納に関しては自立はしない。本体のお尻にひっかける用のストラップがついているが、百均みたいな生半可なものでは事故が起こる。重さはギタフリ(AC)のギタコンよりちょっと重い。あと音が大きい。夜には使わない方が良い。ハンディとしてはとても優秀なのでこれからこいつと一緒に床上の毛を駆逐してくる。
beada0025b42d8b4134c895c725ea0f8,5.00,すごくいい,気軽に掃除できてすごくいいです。吸い込みが悪いとかは特にありません。カーペットの上は多少弱いのかもしれませんが、問題ないレベルかと。
beada0025b42d8b4134c895c725ea0f8,4.00,お手軽だが、、、,以前にテレビショッピングで本品より一つ下の能力のものを買いましたが、軽く、お値打ちだったので、今回は一つ上の能力のものを購入しました。力は強いのですが、音がうるさく、結局、弱で使用しています。ねだんが安いので困難かもしれませんが、今後は静音にもご尽力してもらいたいものです。
beada0025b42d8b4134c895c725ea0f8,2.00,ダイソンと迷いました。,四人家族の一軒家住まいです。ダイソンと迷いました。迷ってるかた、しっかり読んでくださいね！マキタは、値段も安く吸引力もいいと口コミもあったので買ってみました。安物買いの銭失い。。。と言い過ぎかもしれませんが、迷うなら、お金をためてダイソンを買えばよかったと。。。ヘッドにブラシがまったくついてないので、からませて吸いとるのができないため、車でも使用予定でしたがまったくです。。。悲しい。使い道としては、コンセントなしで楽にできるので、たまに階段に使用してます。結局、買って数ヶ月、2週間に一度出番があるかなというくらいで、あるから使ってるというかんじで、張り切って使いたい商品ではないです。。。マキタさんすみません。吸引力悪いなと思い、センターに問い合わせてみましたが、丁寧な対応でした！交換もできますと言われましたが、You◯ubeでマキタの動画をみたら、こんなものなのだと分かったので、交換はしませんでした。病院などで使用しているのも見たことがあったのですが、あれは、タイルの軽いホコリをほうきで集めて、マキタで吸うという使い方をしていたので、たしかにそういう使い方ならいいと思います！米粒は吸いとれませんでした！！！なので、吸引力はほんとにいまいち×100です。。。来年ダイソンのために貯金開始します！！(笑)
beada0025b42d8b4134c895c725ea0f8,5.00,,朝注文して、お昼には発送していただき、次の日に到着しました！！とても早かったです！そして商品は大満足です！！吸引力もすごいし使いやすい！！購入してよかったです。そしてこちらのお店で買ってよかったです！
beada0025b42d8b4134c895c725ea0f8,4.00,,コードレスの掃除機が欲しくて色々と検討しましたがマキタの掃除機が軽くて使い易そうで購入しました。お店も対応か早くすぐ届きました。車の掃除やちょっとしたホコリにすぐ使えてコードレス式が今まで使っていた掃除機よりとても手軽で使いやすいです。紙パック式なのも私には向いてました。
beada0025b42d8b4134c895c725ea0f8,5.00,購入してよかったです。,配送もスムーズで箱も綺麗な状態で届きました。デザイン性重視で1年間プラスマイナスゼロの掃除機を使用していましたが、あまり吸い込みが良くないのと紙パックではなくて手入れが億劫だったので107を購入しました。使用感もこちらの方が安定していて使いやすいです＊別でサイクロンアタッチメントも付けました。おススメです♪
beada0025b42d8b4134c895c725ea0f8,5.00,気軽につかえる,軽くて使いやすいので、手軽に掃除が出来ます。掃除機をかけるのが、苦にならなくなりました。
beada0025b42d8b4134c895c725ea0f8,3.00,期待しすぎて。。,インスタやレビューを見て購入。コードレスやし、軽くて手軽に使えます！赤ちゃんがいるので嬉しいです。充電も一度したら2.3回使えました。しかし期待しすぎて。。もう少し吸引力があるのかなーと思ってしまってました。あとうちの収納の関係で、立てかけ収納だと微妙に離れた場所に収納しないとダメなので、取り出すのが若干面倒。スーパーセールでも発送めっちゃ早かったです！
beada0025b42d8b4134c895c725ea0f8,3.00,コードレスならではの便利使い,コードレスは、はっきり言って補助と考えるべきかな吸引力はコードある掃除機のがあります。また、ダイソンのように吸引力があるのもありますが、充電時間と使用時間がネック。このマキタは、充電の３０分もかからず、軽量で、普段のごみなら充分に対応できるし、軽量がなによりですね。便利使いできるので、掃除機かける時間ちょいちょい増えます。お掃除するぞ、ではなく、埃見つけた、ゴミ見つけたとその都度使えるから、散らからない部屋目指せそうです。パワーブラシないのが残念ですが、パワーブラシでは入り込めない隅々は扱いやすかったです。又、アイリスオーヤマのパワーブラシ、偶々ですが装着できました。おかげでカーペットも難なくクリアー。紙パックもスペシャルセットだと、もともとの10枚にプラス10枚の２０枚で、紙パック無くてもダストバッグ2枚あるので使えますね。とりあえず、紙バッグで試してます。車にも使えそうで楽しみです。
beada0025b42d8b4134c895c725ea0f8,5.00,,妻からのリクエストで購入しました。使いやすいようで満足しています。
beada0025b42d8b4134c895c725ea0f8,5.00,,いつでもサッと掃除機がかけられるので良かったです。米粒もきっちり吸い込みました。
beada0025b42d8b4134c895c725ea0f8,3.00,配送が悪い,掃除機本体は問題なかったですが、配送が悪く、一日中待機することになってしまいました。
beada0025b42d8b4134c895c725ea0f8,3.00,しまった…,フレキシブルホースとじゅうたんノズルとラウンドブラシをオプションで購入。本体と微妙にじゅうたんノズルが色が違う…。あ、間違えたのか、確かにアイボリーを注文していました。本体はホワイト。みなさん気を付けてください。じゅうたんノズルにはホワイトはありません。アイボリーです。白っぽいですがクリームかかった白です。あー、しまった。買い換えたいけど単品だと高いし送料かかるし。じゅうたんノズルDXにはちゃんとホワイトがあります。フレキシブルホースとブラシはホワイトなのにノズルはアイボリーで店員さんはおかしいと思わないのかな。手書きで納品書書いてくれているくらいなのに。まあ、間違えた私が悪いのですが。本体の色は選べないのにオプションパーツは別の色を選択できるようにしておくのはどうかと思います。ホワイトのみでいいのでは。改善を求めます。
beada0025b42d8b4134c895c725ea0f8,5.00,,コンパクトで軽くて扱いやすいです。簡単に分解できるので自転車のかごに入れて持ち運びできます。(引越しに伴い新居と自転車で往復している為。)吸引力もなかなかいいと思います。ヘッドが小さいので小回りが利いて便利な反面、広い部屋を満遍なく掃除するのは大変かも。ちょこちょこ使いたい人向けだと思います。使いやすいので掃除機をかける頻度が殖えました。サイクロン同時購入したので紙パックは全然交換せずに済んでます。ただ、サイクロンつけるとすぐ抜けます。たぶん重いんでしょうね。
beada0025b42d8b4134c895c725ea0f8,4.00,いい感じ☆,使いやすいです！ダイソンと併用していますが、軽くて小回りがきくので階段でも楽々使用できます。購入時はライト必要？と思いましたが、あってよかった機能です。バッテリー充電時の音がちょっと気になりますが、短時間なので問題ないです。思い切って買ってよかったです。
beada0025b42d8b4134c895c725ea0f8,5.00,慣れれば重宝間違いなし！,掃除機での掃除が大嫌いです。猫を買っている絨毯の家なのでキャニスター型がメインです。掃除機をかけるとなると、コードの抜き差し2回、キャニスター取り回しがいじっかしいということで、毎日かけることはありませんでした。でも、廊下、脱衣所、キッチンの髪の毛やホコリやゴミクズは毎日なんとかしたい。コロコロや無印のモップを使おうとしましたが、どれもイマイチ。ツインバードのサイクロンハンディクリーナーをカタログでもらいましたが、ダストカップの手間と飛散、コードの抜き差し、ヘッドが回らないなど、やはりあまり使わないままに。悩んだけどよさげだったので思い切って購入し、さきほど届いてすぐに充電。充電や紙パックの手順は最初に覚えてしまえばクリア。すぐにフローリング部分を中心に使ってみたら、本体は軽いし、けっこう吸う！ライトも付いて、電気をつけなくてもいけるくらい。なにより、キャスター付きの棚下にヘッドが首を傾げて入ったのが感激！紙パックを開けてみたら、けっこうな髪の毛とホコリが！！これで毎日ちょいがけできる自信が沸いて来ました！ちょいがけしていれば、メイン掃除機は週に数えるほどで済みます。コードレスの使いやすさにびっくりしつつ、もっと早くコードレスを使っていればよかったと実感しました。充電音は、うちの炊飯器とほぼ同じくらいです。充電が終わると静かになるのでわかりやすくていい。掃除音もふつうのハンディクリーナーくらいです。本体はおもちゃみたいな軽い感じですが、遊び感覚で使えてお子様にもいいかも。純正のダンボール箱そのままで届きます。無駄無しで私には好印象でした。
beada0025b42d8b4134c895c725ea0f8,5.00,,今までの掃除機が、重すぎた！って感じです！
beada0025b42d8b4134c895c725ea0f8,5.00,マキタのターボ,実家でも使っていて、自分用、プレゼント等で4台目の購入です。妊婦の時にも軽くて使いやすく、あってよかったです。
beada0025b42d8b4134c895c725ea0f8,4.00,,軽くて使いやすいです！欲を言えば充電時間が短く、使用時間が長くなればいいな、、、
beada0025b42d8b4134c895c725ea0f8,5.00,とってもいいです！,ワンランク下のマキタ掃除機を使っていて、でもそれも使い勝手よくて、ちよっとした掃除や階段はそれでちょちょいとしています。二階にも置いて、各自の部屋の毎日掃除は自分でしてもらおうとおもい、購入しました。この商品は、すごく吸います。しかし、音はかなりうるさいです。が、私は気に入っていますし、端の方は、ライトが付いているので見やすいです。お薦めです。
